ID,Number,Stream,Sample_Name,Site_Code,Date,Time,BOTTLE_NOTES,SAMPLE_TTYPE,Temp,Chla,Turbidity,TSS,DOC,DTN,pH,ANC,SC,Na,NH4,K,Mg,Ca,F,Cl,NO3,PO4,SO4,NO3_N,NH4_N,DIN,DON,ANC,H,Ca,Mg,Na,K,NH4,F,CL,NO3,PO4,SO4,ANIONS,CATIONS,ION,DIFF,BASES,ACIDS,ALK,%ION,DIFF,%_COND,COND,LAB_NOTES
FCW 100,100,Hourglass Reservoir Outflow,Hourglass Reservoir Outflow,HORO,8/21/2020,,No TSS,NORM,,,,,2.78,0.23,6.69,238.75,24.95,1.1,0.02,0.42,0.77,3.52,0.04,0.24,0.11,0,0.89,0.02,0.01,0.04,0.2,238.75,0.21,175.73,63.44,47.8,10.69,0.94,2.26,6.67,1.73,0,18.53,267.93,298.82,566.75,-5.45,297.67,26.93,270.74,OK,11.02,OK,27.7,
FCW 161,161,Long Draw Reservoir,LNGR_102020,LNGR,10/20/2020,,No TSS,NORM,,0,,,2.39,0.34,6.9,203.46,27.52,1.01,0.02,0.59,1.19,1.94,0.22,0.14,0.09,0,1.98,0.02,0.02,0.04,0.31,203.46,0.13,96.81,97.92,43.85,15.12,1.11,11.74,3.83,1.5,0,41.12,261.65,254.92,516.58,1.3,253.69,46.45,207.24,OK,-8.62,OK,25.15,
FCW 162,162,Peterson Reservoir,PTRR_102020,PTRR,10/20/2020,,No TSS,NORM,,0,,,9.37,0.48,6.92,268.85,40.12,1.35,0.01,1.07,0.47,4.06,0.02,0.29,0.16,0,7.34,0.04,0.01,0.05,0.43,268.85,0.12,202.5,38.26,58.77,27.39,0.78,1.11,8.3,2.61,0,152.78,433.65,327.81,761.46,13.9,326.92,163.69,163.23,OK,1.33,OK,40.65,
FCW 164,164,Barnes Meadow Reservoir Outflow,BMD_102020,BMR,10/20/2020,,No TSS,NORM,,0,,,9.61,0.5,7.33,375.6,42.43,1.93,0.02,1.04,0.66,5.65,0.05,0.66,0.11,0,1.75,0.03,0.02,0.04,0.46,375.6,0.05,281.94,54.31,83.82,26.68,1.22,2.68,18.73,1.84,0,36.43,435.28,448.01,883.29,-1.44,446.74,56.99,389.75,OK,3.32,OK,43.84,
FCW 214,214,Chambers Lake Outflow,Chambers Lake Outflow,CHR,11/16/2020,10:30,No TSS,NORM,,0,,,2.69,0.25,7.55,445.98,50.64,2,0.02,0.87,1.36,5.56,0.07,0.4,0.08,0,2.73,0.02,0.01,0.03,0.22,445.98,0.03,277.57,111.75,86.78,22.3,1.05,3.58,11.37,1.27,0,56.92,519.12,499.48,1018.6,1.93,498.4,69.56,428.83,OK,-1.22,OK,50.02,
FCW 240,240,Barnes Meadow Reservoir Outflow,BMD_040721,BMR,4/7/2021,,No TSS,NORM,,0,6,,10.2,0.4,7.65,397.12,49.91,2.1,0.12,1.06,0.69,5.42,0.03,0.61,0.15,0,2.07,0.03,0.09,0.12,0.28,397.12,0.02,270.51,57.03,91.43,27.03,6.38,1.53,17.21,2.38,0,43.16,461.4,452.4,913.79,0.98,446,62.75,383.25,OK,-8.86,OK,45.48,
FCW 241,241,Barnes Meadow Reservoir Outflow,BMD_041221,BMD,4/12/2021,9:04,No TSS,NORM,,0,,2.88,8.83,0.56,7,444.24,51.48,2.12,0.08,1.01,0.63,5.68,0.04,0.7,0.08,0,1.85,0.02,0.06,0.08,0.48,444.24,0.1,283.43,51.84,92.21,25.83,4.44,2.11,19.74,1.29,0.02,38.52,505.92,457.86,963.78,4.99,453.32,59.55,393.77,OK,-7.57,OK,47.59,
FCW 250,250,Chambers Lake Inflow,CBRI_041321,CBRI,4/13/2021,9:07,,NORM,1,0,1.8,0,3.18,0.3,7.3,460.9,54.26,1.96,0.01,0.85,1.22,5.94,0.08,0.54,0.09,0,1.95,0.02,0.01,0.03,0.28,460.9,0.05,296.61,100.47,85.04,21.84,0.5,4.05,15.34,1.42,0,40.54,522.26,504.51,1026.77,1.73,503.96,57.3,446.66,OK,-7.6,OK,50.13,
FCW 261,261,Chambers Lake Inflow,CBRI_041921,CBRI,4/19/2021,9:11,,NORM,0,0,2,0,2.61,0.24,7.32,443.42,55.19,2.01,0.01,0.84,1.18,5.98,0.06,0.59,0.1,0,1.93,0.02,0.01,0.03,0.21,443.42,0.05,298.25,97.43,87.47,21.59,0.44,3.37,16.56,1.6,0,40.27,505.21,505.23,1010.45,0,504.74,58.42,446.32,OK,-10.32,OK,49.5,
FCW 262,262,Barnes Meadow Reservoir Outflow,BMD_041921,BMR,4/19/2021,9:29,,NORM,2,0,12,3.75,9.67,0.77,7.48,369.75,43.28,2.13,0.09,0.96,0.65,5.42,0.04,0.68,0.09,0,2.01,0.02,0.07,0.09,0.68,369.75,0.03,270.46,53.49,92.65,24.55,4.99,2.11,19.18,1.45,0.03,41.85,434.37,446.17,880.54,-1.34,441.15,62.48,378.67,OK,1.41,OK,43.89,
FCW 263,263,Chambers Lake Outflow,CHR_041921,CHR,4/19/2021,9:38,,NORM,1,0,2.4,1.92,2.94,0.36,7.28,509.69,60.2,2.13,0.01,0.92,1.32,6.48,0.06,0.85,0.05,0,2.54,0.01,0.01,0.02,0.33,509.69,0.05,323.35,108.78,92.69,23.58,0.68,3.37,23.98,0.87,0,52.97,590.87,549.14,1140.01,3.66,548.41,77.81,470.59,OK,-6.89,OK,56.05,
FCW 281,281,Chambers Lake Inflow,CBRI_042621,CBRI,4/26/2021,9:45,,NORM,1,0,2,202.86,2.76,0.31,7.13,450.52,50.11,1.99,0.01,0.92,1.24,5.94,0.06,0.64,0.07,0,1.92,0.02,0.01,0.02,0.28,450.52,0.07,296.61,102.37,86.73,23.58,0.67,3.05,18.16,1.08,0,40,512.82,510.03,1022.85,0.27,509.29,59.24,450.05,OK,0.08,OK,50.15,
FCW 282,282,Chambers Lake Outflow,CHD_042621,CHD,4/26/2021,10:24,,NORM,2,0,1.5,0,3.03,0.36,6.99,505.86,56.8,2.55,0.02,0.97,1.36,6.74,0.06,0.75,0.04,0,2.5,0.01,0.02,0.03,0.34,505.86,0.1,336.33,112.08,110.92,24.73,1.17,3.16,21.15,0.65,0,52.14,582.95,585.33,1168.28,-0.2,584.05,73.94,510.12,OK,1.14,OK,57.45,
FCW 283,283,Barnes Meadow Reservoir Outflow,BMD_042621,BMD,4/26/2021,10:46,,NORM,3.4,0,15,6.67,10.51,1,7.14,444.5,51.04,3.15,0.09,0.91,0.78,5.66,0.03,0.76,0.11,0,1.95,0.02,0.07,0.09,0.9,444.5,0.07,282.19,64.18,137.02,23.27,4.99,1.58,21.44,1.77,0.02,40.6,509.91,511.72,1021.64,-0.18,506.66,63.81,442.85,OK,-1.14,OK,50.46,
FCW 321,321,Chambers Lake Inflow,CBRI_050321,CBRI,5/3/2021,9:37,Water temperature error.,NORM,-6,0,1.6,2.2,5.23,0.52,7.36,112.21,49.14,1.84,0.01,0.85,1.01,4.85,0.06,0.59,0.8,0,13.72,0.18,0.01,0.19,0.33,112.21,0.04,242.22,83.19,80.21,21.66,0.61,3.16,16.7,12.87,0,285.66,430.6,427.94,858.53,0.31,427.28,315.23,112.05,OK,0.54,OK,49.41,
FCW 322,322,Chambers Lake Outflow,CHD_050321,CHD,5/3/2021,10:00,Water temperature error.,NORM,-5,0,1,0.11,2.96,0.28,7.1,470.21,64.36,2.33,0.02,0.84,1.34,6.04,0.07,0.99,0.26,0,8.42,0.06,0.02,0.08,0.21,470.21,0.08,301.6,110.36,101.39,21.59,1.17,3.79,27.82,4.21,0,175.31,681.34,536.18,1217.53,11.92,534.93,207.34,327.59,OK,-2.39,OK,62.82,
FCW 323,323,Barnes Meadow Reservoir Outflow,BMD_050321,BMD,5/3/2021,10:20,Water temperature error.,NORM,-3,0,9,8.21,10.05,0.73,7.01,142.61,56.42,3.06,0.08,0.92,0.76,5.44,0.06,1.38,0.12,0,14.54,0.03,0.06,0.09,0.64,142.61,0.1,271.46,62.13,133.2,23.58,4.5,3,39.01,1.94,0,302.71,489.27,494.96,984.23,-0.58,490.36,343.66,146.71,OK,-0.02,OK,56.41,
FCW 345,345,Chambers Lake Inflow,CBRI_051021,CBRI,5/10/2021,9:30,,NORM,,0,1.75,1,4.2,0.39,7.16,469.68,65.04,1.46,0.01,0.83,1.06,6.19,0.06,2.15,0.74,0.1,11.22,0.17,0.01,0.17,0.22,469.68,0.07,309.13,87.55,63.29,21.33,0.5,3.05,60.71,11.9,1.04,233.64,780.01,481.87,1261.88,23.63,481.3,306.24,175.06,OK,3.64,OK,67.4,
FCW 346,346,Chambers Lake Outflow,CHD_051021,CHD,5/10/2021,9:55,,NORM,1.6,0,1.25,2,3.34,0.34,7.02,465.58,62.25,1.01,0.02,0.77,1.16,5.74,0.06,1.53,0.66,0.05,9.4,0.15,0.01,0.16,0.18,465.58,0.1,286.58,95.54,44.11,19.69,0.96,2.95,43.16,10.62,0.55,195.72,718.58,446.98,1165.56,23.3,445.92,249.5,196.42,OK,-1.54,OK,61.29,
FCW 347,347,Barnes Meadow Reservoir Outflow,BMD_051021,BMD,5/10/2021,10:15,,NORM,2.86,0,5.5,8,9.28,0.66,7.14,702.12,97.33,1.31,0.08,1.07,1.5,9.59,0.05,2.37,0.35,0.09,23.68,0.08,0.06,0.14,0.52,702.12,0.07,478.34,123.68,56.81,27.29,4.21,2.63,66.98,5.6,0.99,493.12,1271.44,690.4,1961.85,29.62,686.12,565.7,120.42,OK,9.77,OK,106.84,
FCW 381,381,Chambers Lake Inflow,CBRI_051721,CBRI,5/17/2021,9:30,,NORM,,0,0.8,0,4.82,0.46,7.44,445.48,65.93,1.5,0.01,1.03,1.51,7.82,0.05,1.49,0.8,0.31,11.04,0.18,0.01,0.19,0.27,445.48,0.04,390.33,123.93,65.03,26.34,0.62,2.37,41.98,12.87,3.29,229.82,735.81,606.28,1342.09,9.65,605.63,284.68,320.95,OK,7.81,OK,71.09,
FCW 382,382,Chambers Lake Outflow,CHD_051721,CHD,5/17/2021,9:45,,NORM,,0,3,8,4.2,0.36,7.46,484.32,64.08,1.47,0.03,0.93,1.29,6.07,0.05,1.66,0.51,0.27,8.52,0.11,0.02,0.14,0.23,484.32,0.03,303.09,106.23,63.85,23.76,1.66,2.53,46.76,8.18,2.84,177.41,722.04,498.64,1220.68,18.3,496.94,232.35,264.6,OK,-0.82,OK,63.55,
FCW 383,383,Barnes Meadow Reservoir Outflow,BMD_051721,BMD,5/17/2021,10:00,,NORM,,0,3.4,7.92,9.61,0.8,7.77,795.89,103.53,1.85,0.21,1.33,1.83,10.98,0.05,1.99,0.56,0.33,26.93,0.13,0.16,0.29,0.51,795.89,0.02,548.1,150.42,80.43,33.94,11.59,2.53,56.24,9.11,3.51,560.77,1428.05,824.5,2252.54,26.79,812.89,626.12,186.77,OK,18.05,OK,122.21,
FCW 394,394,Chambers Lake Inflow,CBRI_052421,CBRI,5/24/2021,9:30,,NORM,,0,1,1.98,5.06,0.4,7.17,422.3,77.79,2.06,0.02,1.2,2.35,9.21,0.09,1.83,0.79,0.43,12.89,0.18,0.01,0.19,0.21,422.3,0.07,459.68,193.46,89.78,30.67,1.02,4.47,51.5,12.82,4.49,268.37,763.96,774.67,1538.63,-0.7,773.58,332.69,440.89,OK,5.34,OK,81.94,
FCW 395,395,Chambers Lake Outflow,CHD_052421,CHD,5/24/2021,9:50,,NORM,2.42,0,1.9,0,4.62,0.45,7.18,443.67,64.14,1.97,0.02,0.92,2.02,7.22,0.09,1.02,0.52,0.28,10.45,0.12,0.02,0.13,0.32,443.67,0.07,360.31,166.14,85.6,23.45,1.22,4.58,28.78,8.33,3,217.57,705.93,636.79,1342.72,5.15,635.5,254.68,380.82,OK,9.23,OK,70.06,
FCW 396,396,Barnes Meadow Reservoir Outflow,BMD_052421,BMD,5/24/2021,10:00,No TSS,NORM,3.585,0,2.1,2,7.59,0.48,6.89,491.76,84.37,2.43,0.1,1.25,1.65,10.52,0.03,1.54,0.24,0,12.67,0.05,0.08,0.13,0.35,491.76,0.13,525.1,135.61,105.79,32.05,5.43,1.79,43.38,3.82,0,263.87,804.62,804.11,1608.73,0.03,798.54,311.07,487.47,OK,1.11,OK,85.31,
FCW 425,425,Chambers Lake Inflow,CBRI_060121,CBRI,6/1/2021,11:00,,NORM,,0,2.5,4,5.32,0.47,7.24,380.57,47.78,1.84,0.02,0.89,1.1,6.25,0.04,0.75,0.45,0.01,5.36,0.1,0.02,0.12,0.35,380.57,0.06,311.63,90.76,80.04,22.64,1.16,1.84,21.27,7.34,0.08,111.58,522.69,506.28,1028.97,1.59,505.06,140.19,364.87,OK,10.41,OK,52.76,
FCW 426,426,Chambers Lake Outflow,CHD_060121,CHD,6/1/2021,11:00,,NORM,,0,2,0,4.03,0.36,7.17,436.78,64.81,1.71,0.03,0.98,1.43,7.03,0.04,1.01,0.37,0,6.71,0.08,0.02,0.11,0.25,436.78,0.07,351,117.59,74.25,25.14,1.61,2.11,28.36,6.04,0,139.65,612.94,569.65,1182.59,3.66,567.98,174.05,393.93,OK,-6.08,OK,60.87,
FCW 427,427,Barnes Meadow Reservoir Outflow,BMD_060121,BMD,6/1/2021,11:10,,NORM,,0,3.5,4,7.64,0.4,6.99,446.33,75.68,2.26,0.05,1.19,1.52,9.75,0.03,1.41,0.22,0,11.24,0.05,0.04,0.09,0.31,446.33,0.1,486.28,124.67,98.22,30.33,2.88,1.63,39.88,3.51,0,233.97,725.33,742.48,1467.81,-1.17,739.49,277.37,462.13,OK,2.65,OK,77.69,
FCW 442,442,Long Draw Reservoir,LNGR_060221,LNGR,6/2/2021,9:56,,NORM,,0.27,,1,9.45,0.59,6.77,157.14,27.29,0.86,0.03,0.53,0.7,4.04,0.09,0.32,0.4,0,2.97,0.09,0.02,0.11,0.47,157.14,0.17,201.35,57.52,37.41,13.63,1.44,4.58,9,6.46,0,61.88,239.05,311.52,550.57,-13.16,309.91,77.34,232.57,OK,4.56,OK,28.53,
FCW 443,443,Long Draw Reservoir Outflow,LNGO_060221,LNGO,6/2/2021,10:30,,NORM,,0.04,,-3.58,8.93,0.6,6.59,88.64,19.78,0.9,0.03,0.44,0.51,2.16,0.02,0.52,0.52,0,1.53,0.12,0.02,0.14,0.47,88.64,0.26,107.73,42.13,38.97,11.33,1.44,1.26,14.53,8.38,0,31.85,144.67,201.87,346.54,-16.51,200.17,54.76,145.41,OK,-7.32,OK,18.33,
FCW 444,444,Peterson Reservoir,PTRR_060221,PTRR,6/2/2021,11:16,,NORM,,1.54,,0,7.02,0.65,6.82,169.77,41.8,1.49,0.11,1.35,0.82,4.97,0.03,0.88,0.32,0,7.85,0.07,0.08,0.16,0.49,169.77,0.15,248,67.39,64.9,34.4,5.88,1.37,24.87,5.21,0,163.49,364.71,420.72,785.43,-7.13,414.7,193.57,221.13,OK,3.97,OK,43.46,
FCW 445,445,Joe Wright Reservoir Inflow,JOEI_060221,JOEI,6/2/2021,12:05,,NORM,,0.14,,1.77,4.37,0.36,6.99,275.59,32.21,1.22,0.02,0.4,1.16,4.2,0.02,1.02,0.02,0,1.35,0.01,0.01,0.02,0.34,275.59,0.1,209.73,95.45,52.94,10.26,0.89,1.21,28.86,0.36,0,28.21,334.23,369.37,703.6,-4.99,368.38,57.43,310.94,OK,8.72,OK,35.02,
FCW 446,446,Joe Wright Reservoir,JOER_060221,JOER,6/2/2021,12:25,,NORM,,0.37,,0,3.05,0.39,7.01,379.11,43.77,1.41,0.05,0.63,1.27,5.85,0.06,0.72,0.1,0,3.6,0.02,0.04,0.06,0.33,379.11,0.1,291.82,104.67,61.16,16.09,2.55,3.11,20.44,1.6,0,75.01,479.26,476.38,955.64,0.3,473.73,97.05,376.68,OK,9.54,OK,47.95,
FCW 447,447,Chambers Lake Inflow,CBRI_060221,CBRI,6/2/2021,12:51,,NORM,,0.21,,1.79,4.23,0.46,7.12,321.42,46.12,2.06,0.02,0.58,0.95,6.37,0.06,0.48,0.38,0,3.01,0.09,0.02,0.1,0.36,321.42,0.08,317.71,78.42,89.69,14.81,1.22,3.21,13.44,6.14,0,62.69,406.9,501.93,908.83,-10.46,500.64,82.27,418.36,OK,-0.95,OK,45.68,
FCW 448,448,Barnes Meadow Reservoir Outflow,BMD_060221,BMD,6/2/2021,13:30,,NORM,,1.04,,7.38,7.38,0.55,7.17,355.03,69.65,2.33,0.06,1.24,1.51,9.55,0.03,1.41,0.16,0,11.59,0.04,0.04,0.08,0.47,355.03,0.07,476.55,124.17,101.48,31.59,3.1,1.58,39.83,2.61,0,241.33,640.37,736.96,1377.33,-7.01,733.79,283.76,450.02,OK,6.09,OK,73.89,
FCW 449,449,Barnes Meadow Reservoir,BRNR_060221,BRNR,6/2/2021,13:53,,NORM,,1.45,,1.79,7.34,0.46,7.21,386.18,68.37,2.3,0.05,1.23,1.51,9.81,0.03,1.44,0.02,0,11.42,0.01,0.04,0.04,0.42,386.18,0.06,489.37,124.01,100.17,31.43,2.72,1.63,40.51,0.37,0,237.68,666.37,747.77,1414.13,-5.76,744.99,278.56,466.43,OK,10.32,OK,75.43,
FCW 450,450,Chambers Lake Outflow,CHD_060221,CHD,6/2/2021,14:15,Sample taken directly upstream of Barnes Diversions.,NORM,,2.1,,0,3.73,0.45,7.23,378.79,58.52,1.69,0.02,1.01,1.43,7.21,0.04,0.92,0.28,0,6.65,0.06,0.02,0.08,0.37,378.79,0.06,359.78,117.92,73.64,25.7,1.33,2.11,25.95,4.58,0,138.36,549.77,578.43,1128.21,-2.54,577.04,168.88,408.16,OK,-0.17,OK,58.42,
FCW 451,451,Chambers Lake Outflow,CHD_060221,CHD,6/2/2021,14:15,Sample taken directly upstream of Barnes Diversions.,DUPLICATE,,2.01,,0,3.67,0.42,7.22,373.8,55.85,1.7,0.03,1,1.43,7.17,0.04,0.93,0.29,0,6.58,0.07,0.02,0.09,0.33,373.8,0.06,357.58,117.51,74.03,25.6,1.44,2.11,26.1,4.67,0,137.03,543.7,576.23,1119.93,-2.9,574.73,167.79,406.93,OK,3.87,OK,58.01,
FCW 452,452,Chambers Lake,CBRR_060221,CBRR,6/2/2021,14:40,,NORM,,2.64,,3.72,3.9,0.42,7.2,349.32,54.44,1.71,0.04,1,1.38,7.13,0.04,0.91,0.19,0,6.47,0.04,0.03,0.07,0.35,349.32,0.06,355.99,113.89,74.38,25.58,1.94,2.11,25.77,3.12,0,134.66,514.97,571.84,1086.81,-5.23,569.83,163.55,406.28,OK,3.67,OK,56.44,
FCW 453,453,Chambers Lake Inflow,CBRI_060721,CBRI,6/7/2021,11:25,NO TSS,NORM,,,5,,3.99,0.36,6.81,304.73,44.7,1.42,0.05,0.62,1.49,5.85,0.06,0.64,0.35,0,3.39,0.08,0.04,0.12,0.24,304.73,0.15,292.12,122.28,61.94,15.93,2.77,2.89,18.01,5.64,0,70.49,401.77,495.2,896.96,-10.42,492.27,94.14,398.13,OK,1.57,OK,45.4,
FCW 454,454,Chambers Lake Outflow,CHD_060721,CHD,6/7/2021,11:45,NO TSS,NORM,,,3.75,,3.88,0.46,6.93,375.91,51.22,1.68,0.08,0.94,1.24,6.28,0.04,0.91,0.25,0,5.84,0.06,0.06,0.12,0.34,375.91,0.12,313.32,102.2,72.99,24.04,4.55,2.21,25.59,4,0,121.57,529.29,517.22,1046.51,1.15,512.56,151.17,361.38,OK,5.41,OK,53.99,
FCW 455,455,Barnes Meadow Reservoir Outflow,BMD_060721,BMD,6/7/2021,11:55,NO TSS,NORM,,,4,,7.42,0.54,6.86,395.63,75.49,2.28,0.06,1.17,1.45,10.19,0.03,1.44,0.1,0,11.39,0.02,0.05,0.07,0.47,395.63,0.14,508.58,119.4,99.17,29.87,3.38,1.68,40.5,1.65,0,237.2,676.67,760.55,1437.22,-5.84,757.03,279.35,477.68,OK,1.46,OK,76.6,
FCW 481,481,Long Draw Reservoir,LNGR_060921,LNGR,6/9/2021,9:45,,NORM,4.9,0.48,4.1,1,5.28,0.53,6.69,175.94,30.63,0.8,0.02,0.48,0.71,4.62,0.11,0.55,0.53,0,3.1,0.12,0.02,0.14,0.39,175.94,0.2,230.59,58.75,34.84,12.15,1.22,5.63,15.58,8.55,0,64.58,270.27,337.76,608.03,-11.1,336.33,88.7,247.63,OK,2.97,OK,31.54,
FCW 482,482,Long Draw Reservoir Outflow,LNGO_060921,LNGO,6/9/2021,10:15,,NORM,5.8,0.64,3,-1,4.32,0.53,6.82,218.84,33.55,0.81,0,0.48,0.76,4.79,0.09,0.34,0.52,0,3.5,0.12,0,0.12,0.41,218.84,0.15,238.82,62.21,35.41,12.28,0.17,4.47,9.62,8.42,0,72.77,314.13,349.03,663.16,-5.26,348.72,90.81,257.9,OK,1.51,OK,34.06,
FCW 483,483,Peterson Reservoir Outflow,PTRO_060921,PTRO,6/9/2021,11:00,,NORM,13.8,4.6,2.5,3,7.14,0.44,6.79,163.76,41.51,1.39,0.01,1.22,0.86,5.65,0.01,0.68,0.01,0,6.52,0,0,0.01,0.43,163.76,0.16,281.79,70.77,60.64,31.31,0.28,0.74,19.17,0.13,0,135.72,319.52,444.93,764.45,-16.41,444.5,155.02,289.48,OK,-0.05,OK,41.49,
FCW 484,484,Peterson Reservoir,PTRR_060921,PTRR,6/9/2021,11:21,,NORM,15.7,4.79,3.4,6,7,0.48,6.8,178.19,39.37,1.37,0.01,1.19,0.77,5.05,0.03,0.67,0.01,0,6.61,0,0.01,0.01,0.47,178.19,0.16,251.8,63.36,59.5,30.41,0.72,1.68,19.02,0.15,0,137.68,336.72,405.95,742.67,-9.32,405.07,156.85,248.23,OK,2.24,OK,40.25,
FCW 485,485,Joe Wright Reservoir Inflow,JOEI_060921,JOEI,6/9/2021,12:12,,NORM,9,0.18,3.9,2,4.38,0.33,6.96,269.76,32.2,1.07,0,0.49,1,4.33,0.06,0.26,0.18,0,1.98,0.04,0,0.04,0.29,269.76,0.11,216.17,82.45,46.5,12.4,0.11,3,7.39,2.88,0,41.22,324.25,357.75,682,-4.91,357.52,51.49,306.03,OK,4.86,OK,33.76,
FCW 486,486,Joe Wright Reservoir,JOER_060921,JOER,6/9/2021,12:54,,NORM,6.4,0.47,3,1,3.61,0.34,6.97,371.16,45.22,1.41,0,0.59,1.26,5.83,0.03,0.53,0.04,0,3.22,0.01,0,0.01,0.33,371.16,0.11,291.12,103.76,61.11,15.12,0.11,1.53,15.08,0.63,0,67.12,455.52,471.33,926.85,-1.71,471.11,82.83,388.28,OK,2.25,OK,46.24,
FCW 487,487,Chambers Lake Inflow,CBRI_060921,CBRI,6/9/2021,13:31,,NORM,7.5,0.36,3.6,6,3.97,0.43,6.97,296.85,39.22,1.34,0.03,0.64,0.95,5.14,0.05,0.41,0.14,0,2.66,0.03,0.03,0.06,0.37,296.85,0.11,256.44,78.01,58.33,16.47,1.91,2.47,11.64,2.18,0,55.28,368.43,411.26,779.69,-5.49,409.25,69.1,340.15,OK,-0.3,OK,39.1,
FCW 488,488,Barnes Meadow Reservoir Outflow,BMD_060921,BMD,6/9/2021,13:52,,NORM,,2.17,6.4,5,7.43,0.68,6.91,429.3,75.84,2.22,0.17,1.15,1.46,9.08,0.03,1.27,0.06,0,10.25,0.01,0.13,0.15,0.54,429.3,0.12,452.99,120.3,96.35,29.44,9.42,1.32,35.84,1,0,213.5,680.95,708.63,1389.58,-1.99,699.08,250.33,448.75,OK,-3.21,OK,73.41,
FCW 489,489,Barnes Meadow Reservoir,BRNR_060921,BRNR,6/9/2021,14:22,,NORM,,1.83,3,3,7.39,0.5,7.09,426.01,68.78,2.22,0.02,1.17,1.53,9.51,0.02,1.28,0.03,0,10.33,0.01,0.01,0.02,0.48,426.01,0.08,474.65,125.82,96.39,29.9,1.05,0.95,36.04,0.52,0,215.05,678.57,727.89,1406.46,-3.51,726.76,251.61,475.15,OK,7.79,OK,74.13,
FCW 490,490,Chambers Lake,CBRR_060921,CBRR,6/9/2021,15:00,,NORM,,1.18,3.1,2,4.18,0.74,7.03,351.74,51.85,1.45,0.02,0.86,1.3,6.59,0.02,0.69,0.01,0,4.98,0,0.02,0.02,0.72,351.74,0.09,328.94,106.56,63.2,22,1.23,1,19.34,0.13,0,103.61,475.82,522.02,997.84,-4.63,520.7,123.08,397.62,OK,-1.56,OK,51.04,
FCW 491,491,Chambers Lake Outflow,CHD_060921,CHD,6/9/2021,15:15,,NORM,,1.54,3.5,2.11,4.08,0.46,7.02,332.64,47.93,1.46,0.01,0.84,1.17,6.12,0.03,0.77,0.3,0,4.7,0.07,0.01,0.07,0.38,332.64,0.1,305.19,96.11,63.68,21.41,0.5,1.63,21.62,4.77,0,97.89,458.56,486.98,945.54,-3.01,486.39,124.28,362.11,OK,1.24,OK,48.52,
FCW 492,492,Chambers Lake Outflow,CHD_060921,CHD,6/9/2021,15:15,,DUPLICATE,,1.56,3.8,3.06,4.03,0.44,7.01,350.57,49.31,1.47,0.01,0.83,1.18,6.25,0.03,0.64,0.29,0,4.7,0.07,0.01,0.07,0.37,350.57,0.1,311.93,97.1,63.81,21.31,0.5,1.63,18.03,4.75,0,97.79,472.77,494.74,967.51,-2.27,494.14,120.57,373.57,OK,0.22,OK,49.42,
FCW 509,509,Long Draw Reservoir,LNGR_061621,LNGR,6/16/2021,9:40,,NORM,,0.47,,2,4.41,0.54,6.59,202.93,32.63,0.84,0.03,0.5,0.78,4.84,0.21,0.23,0.57,0,3.95,0.13,0.02,0.15,0.39,202.93,0.26,241.52,64.43,36.36,12.89,1.72,11.26,6.37,9.25,0,82.14,311.95,357.18,669.14,-6.76,355.2,97.77,257.44,OK,5.21,OK,34.33,
FCW 510,510,Long Draw Reservoir Outflow,LNGO_061621,LNGO,6/16/2021,10:15,,NORM,,0.72,3.3,2,4.35,0.5,6.6,194,31.76,0.75,0.03,0.46,0.71,4.41,0.17,0.19,0.56,0,3.69,0.13,0.03,0.15,0.35,194,0.25,220.16,58.01,32.67,11.66,1.88,8.74,5.44,8.97,0,76.77,293.91,324.64,618.55,-4.97,322.5,91.18,231.33,OK,0.13,OK,31.8,
FCW 511,511,Peterson Reservoir Outflow,PTRO_061621,PTRO,6/16/2021,11:14,,NORM,,2.6,3,3,7.69,0.48,6.72,163.9,40.78,1.41,0.06,1.27,0.75,4.93,0.02,0.78,0.01,0,6.85,0,0.05,0.05,0.43,163.9,0.19,245.86,61.39,61.16,32.38,3.44,0.89,22.03,0.1,0,142.52,329.44,404.41,733.85,-10.22,400.78,164.65,236.14,OK,-1.33,OK,40.23,
FCW 512,512,Peterson Reservoir,PTRR_061621,PTRR,6/16/2021,11:33,,NORM,,4.11,3,0,8,0.55,6.68,164.27,41.22,1.44,0.09,1.28,0.81,5.01,0.03,0.8,0.01,0,6.89,0,0.07,0.07,0.48,164.27,0.21,250.05,66.24,62.64,32.76,4.71,1.57,22.62,0.13,0,143.37,331.96,416.61,748.57,-11.31,411.69,166.12,245.58,OK,-0.52,OK,41,
FCW 513,513,Joe Wright Reservoir Inflow,JOEI_061621,JOEI,6/16/2021,12:27,,NORM,,0.27,2.5,3,4.02,0.31,6.82,299.66,40.87,1.21,0.02,0.5,1.18,5.05,0.1,0.32,0.12,0,3.46,0.03,0.02,0.04,0.26,299.66,0.15,252.15,96.77,52.81,12.66,1.16,5.47,8.98,1.93,0,72.12,388.16,415.7,803.86,-3.43,414.38,83.02,331.36,OK,-1.47,OK,40.26,
FCW 514,514,Joe Wright Reservoir Inflow,JOEI_061621,JOEI,6/16/2021,12:27,,DUPLICATE,,0.25,2.5,1.01,4.03,0.27,6.78,304.41,42.31,1.23,0.01,0.5,1.14,5.04,0.11,0.33,0.12,0,3.54,0.03,0.01,0.04,0.24,304.41,0.17,251.65,93.81,53.46,12.81,0.72,5.74,9.3,1.93,0,73.72,395.1,412.61,807.71,-2.17,411.73,84.96,326.77,OK,-4.36,OK,40.46,
FCW 515,515,Joe Wright Reservoir,JOER_0616621,JOER,6/16/2021,13:15,,NORM,,0.63,2.5,1.01,3.76,0.32,6.74,339.54,43.21,1.33,0.03,0.61,1.21,5.49,0.07,0.58,0.05,0,3.23,0.01,0.02,0.03,0.29,339.54,0.18,273.8,99.16,57.98,15.63,1.5,3.79,16.46,0.82,0,67.35,427.95,448.25,876.2,-2.32,446.57,84.62,361.95,OK,1.57,OK,43.89,
FCW 516,516,Chambers Lake Inflow,CBRI_061621,CBRI,6/16/2021,13:50,,NORM,,0.32,2.8,2.01,3.44,0.28,6.82,302.57,39.32,1.4,0.03,0.69,0.98,5.02,0.06,0.48,0.13,0,2.69,0.03,0.02,0.05,0.23,302.57,0.15,250.3,80.48,60.81,17.62,1.55,2.89,13.45,2.16,0,56.05,377.13,410.91,788.05,-4.29,409.21,71.67,337.54,OK,0.54,OK,39.53,
FCW 517,517,Barnes Meadow Reservoir Outflow,BMD_061621,BMD,6/16/2021,14:20,,NORM,,2.98,10,6.09,7.69,0.58,6.71,398.7,68.7,2.34,0.17,1.22,1.55,9.72,0.04,1.43,0.06,0,11.23,0.01,0.13,0.15,0.44,398.7,0.2,484.83,127.38,101.57,31.15,9.59,2,40.26,0.89,0,233.72,675.57,754.72,1430.29,-5.53,744.93,274.87,470.06,OK,10.98,OK,76.24,
FCW 518,518,Barnes Meadow Reservoir,BRNR_061621,BRNR,6/16/2021,14:30,,NORM,,1.66,3.6,2,7.61,0.55,7.01,405.16,71.97,2.38,0.06,1.26,1.56,9.43,0.04,1.43,0.01,0,11.8,0,0.05,0.05,0.5,405.16,0.1,470.36,128.04,103.39,32.12,3.49,2.11,40.46,0.18,0,245.6,693.51,737.51,1431.02,-3.07,733.92,286.24,447.67,OK,5.98,OK,76.28,
FCW 519,519,Chambers Lake,CBRR_061621,CBRR,6/16/2021,15:16,,NORM,,1.56,3.5,3,4.11,0.4,6.91,313.61,43.6,1.35,0.08,0.83,1.08,5.64,0.05,0.65,0.01,0,4.4,0,0.06,0.06,0.34,313.61,0.12,281.59,88.79,58.85,21.15,4.32,2.68,18.24,0.15,0,91.56,426.23,454.83,881.05,-3.25,450.38,109.94,340.44,OK,3.48,OK,45.11,
FCW 520,520,Chambers Lake Outflow,CHD_061621,CHD,6/16/2021,15:33,,NORM,,0.96,2.9,2,3.76,0.34,6.81,346.47,46.47,1.53,0.04,0.86,1.07,5.98,0.05,0.61,0.11,0,4.18,0.03,0.03,0.06,0.28,346.47,0.16,298.6,88.21,66.59,22.05,2.38,2.63,17.07,1.84,0,87.11,455.12,478,933.12,-2.45,475.46,106.02,369.43,OK,2.08,OK,47.44,
FCW 546,546,Long Draw Reservoir Outflow,LNGO_062321,LNGO,6/23/2021,10:34,NO CHLA,NORM,10,,2.9,0.2,3.79,0.52,6.99,225.38,36.74,0.79,0.04,0.46,0.81,4.95,0.11,0.18,0.58,0,4.59,0.13,0.03,0.16,0.36,225.38,0.1,247.06,66.74,34.36,11.74,2.11,5.63,5.07,9.38,0,95.62,341.08,362.1,703.18,-2.99,359.89,110.07,249.83,OK,-1.01,OK,36.37,
FCW 547,547,Long Draw Reservoir,LNGR_062321,LNGR,6/23/2021,10:00,No TSS,NORM,12.1,,4.7,7.82,3.84,0.49,6.98,222.44,38.44,0.85,0.03,0.51,0.91,5.26,0.21,0.19,0.54,0,4.51,0.12,0.02,0.14,0.35,222.44,0.11,262.67,74.72,36.8,13.07,1.55,10.84,5.42,8.7,0,93.91,341.31,388.92,730.23,-6.52,387.26,108.03,279.23,OK,-2.57,OK,37.45,
FCW 548,548,Peterson Reservoir Outflow,PTRO_062321,PTRO,6/23/2021,11:30,NO CHLA,NORM,16.9,,3,1.2,7.62,0.52,7.07,186.6,42.83,1.42,0.19,1.21,0.76,5.04,0.02,0.73,0.01,0,6.48,0,0.15,0.15,0.37,186.6,0.09,251.35,62.46,61.9,31.05,10.42,1.26,20.57,0.11,0,134.85,343.39,417.26,760.65,-9.71,406.75,155.53,251.23,OK,-3.5,OK,41.33,
FCW 549,549,Peterson Reservoir,PTRR_062321,PTRR,6/23/2021,11:43,NO CHLA,NORM,17.2,,,10.4,7.58,0.52,7.1,176.92,41.72,1.42,0.1,1.18,0.75,4.83,0.01,0.75,0.02,0,6.51,0,0.08,0.08,0.44,176.92,0.08,240.77,61.96,61.68,30.28,5.65,0.47,21.17,0.35,0,135.46,334.37,400.43,734.8,-8.99,394.69,156.98,237.71,OK,-4.07,OK,40.02,
FCW 550,550,Joe Wright Reservoir Inflow,JOEI_062321,JOEI,6/23/2021,12:45,NO CHLA,NORM,12.3,,1.6,9.4,2,0.33,7.15,376.97,50.43,1.27,0.02,0.45,1.23,5.98,0.07,0.3,0.21,0,4.53,0.05,0.01,0.06,0.27,376.97,0.07,298.15,101.3,55.29,11.38,0.89,3.68,8.4,3.44,0,94.24,486.75,467.07,953.82,2.06,466.12,106.09,360.03,OK,-5.1,OK,47.86,
FCW 551,551,Joe Wright Reservoir,JOER_062321,JOER,6/23/2021,13:15,NO CHLA,NORM,14.2,,1.5,1.5,3.51,0.3,7.13,335.87,41.91,1.21,0.02,0.55,1.07,5.27,0.05,0.49,0.01,0,2.98,0,0.01,0.01,0.29,335.87,0.07,263.17,88.13,52.81,14.02,0.89,2.37,13.84,0.13,0,61.97,414.18,419.09,833.27,-0.59,418.13,75.94,342.18,OK,-0.78,OK,41.58,
FCW 552,552,Chambers Lake Inflow,CBRI_062321,CBRI,6/23/2021,13:50,NO CHLA,NORM,9.2,,4.5,0.7,3.05,0.43,7.21,349.32,45.05,1.52,0.02,0.67,1.03,5.51,0.07,0.56,0.1,0,2.96,0.02,0.02,0.04,0.39,349.32,0.06,274.75,85,66.25,17.06,1.33,3.45,15.87,1.67,0,61.71,432.01,444.45,876.46,-1.42,443.06,79.25,363.81,OK,-2.82,OK,43.78,
FCW 553,553,Barnes Meadow Reservoir Outflow,BMD_062321,BMD,6/23/2021,14:05,NO CHLA,NORM,8.7,,5,4.14,7.29,0.45,7.1,409.22,75.93,2.32,0.04,1.14,1.46,9.27,0.04,1.38,0.15,0,10.86,0.03,0.03,0.07,0.38,409.22,0.08,462.72,120.14,101,29.18,2.44,2.11,38.88,2.34,0,226.14,678.69,715.57,1394.25,-2.65,713.05,267.36,445.69,OK,-2.63,OK,73.93,
FCW 554,554,Barnes Meadow Reservoir,BRNR_062321,BRNR,6/23/2021,14:20,No TSS,NORM,18.5,,4.5,10.2,7.52,0.7,7.32,430.99,85.43,2.39,0.04,1.2,1.49,9.25,0.04,1.38,0.01,0,11.15,0,0.03,0.04,0.67,430.99,0.05,461.53,122.61,103.96,30.56,2.38,1.95,38.99,0.18,0,232.21,704.31,721.09,1425.4,-1.18,718.66,271.37,447.28,OK,-11.69,OK,75.44,
FCW 555,555,Barnes Meadow Reservoir,BRNR_062321,BRNR,6/23/2021,14:20,No TSS,DUPLICATE,18.5,,5.5,835.2,7.53,0.71,7.28,424.26,80.71,2.39,0.05,1.2,1.51,9.26,0.04,1.39,0.01,0,11.2,0,0.04,0.04,0.67,424.26,0.05,462.23,124.17,104.05,30.79,2.77,1.89,39.25,0.13,0,233.16,698.7,724.06,1422.76,-1.78,721.24,272.54,448.7,OK,-6.59,OK,75.39,
FCW 556,556,Chambers Lake,CBRR_062321,CBRR,6/23/2021,15:00,No TSS,NORM,16.6,,3,4.7,3.92,0.51,7.16,298.52,43.69,1.32,0.03,0.84,0.99,5.54,0.05,0.58,0.01,0,4,0,0.02,0.03,0.48,298.52,0.07,276.5,81.55,57.46,21.56,1.72,2.69,16.39,0.13,0,83.18,400.91,438.86,839.77,-4.52,437.07,99.7,337.37,OK,-1.88,OK,42.87,
FCW 557,557,Chambers Lake Outflow,CHD_062321,CHD,6/23/2021,15:20,NO CHLA,NORM,9.3,,5,0.8,3.42,0.42,7.14,344.81,48.59,1.52,0.03,0.83,1.06,6.21,0.05,0.58,0.09,0,3.99,0.02,0.03,0.05,0.37,344.81,0.07,309.94,86.81,66.2,21.28,1.79,2.81,16.42,1.48,0,83.01,448.53,486.09,934.62,-4.02,484.24,100.91,383.32,OK,-2.51,OK,47.37,
FCW 607,607,Long Draw Reservoir,LNGR_063021,LNGR,6/30/2021,9:30,,NORM,11,0.51,11,0.1,3.55,0.99,7.15,448.99,45.88,0.83,0.02,0.47,0.8,5.2,0.22,0.18,0.45,0,4.54,0.1,0.02,0.12,0.87,448.99,0.07,259.38,65.99,35.89,12.1,1.16,11.53,5.17,7.3,0,94.51,567.5,374.59,942.1,20.48,373.36,106.98,266.38,OK,1.39,OK,46.52,
FCW 608,608,Long Draw Reservoir Outflow,LNGO_063021,LNGO,6/30/2021,9:50,,NORM,7,0.43,7,0.5,3.26,0.95,6.94,257.88,41.36,0.87,0.02,0.49,1.03,5.9,0.24,0.18,0.61,0,5.2,0.14,0.02,0.15,0.79,257.88,0.11,294.41,84.76,37.8,12.43,1.22,12.69,5.04,9.8,0,108.25,393.65,430.73,824.38,-4.5,429.4,123.09,306.31,OK,1.95,OK,42.17,
FCW 609,609,Peterson Reservoir Outflow,PTRO_063021,PTRO,6/30/2021,10:33,,NORM,13,2.34,13,0.7,7.54,0.98,6.92,210.85,39.86,1.51,0.09,1.25,0.73,5.16,0.06,0.71,0,0,6.28,0,0.07,0.07,0.91,210.85,0.12,257.44,60.23,65.77,32.07,4.77,3.37,19.93,0.06,0,130.68,364.9,420.4,785.3,-7.07,415.51,150.68,264.83,OK,5.64,OK,42.11,
FCW 610,610,Peterson Reservoir,PTRR_063021,PTRR,6/30/2021,10:54,,NORM,15.5,2.17,15.5,1.7,7.73,0.97,6.95,179.26,38.2,1.47,0.08,1.21,0.73,4.93,0.04,0.76,0.01,0,6.27,0,0.06,0.07,0.9,179.26,0.11,245.86,60.32,63.98,30.87,4.6,2.26,21.38,0.08,0,130.55,333.54,405.75,739.29,-9.77,401.03,152.02,249.01,OK,4.82,OK,40.04,
FCW 611,611,Joe Wright Reservoir Inflow,JOEI_063021,JOEI,6/30/2021,11:38,,NORM,9.5,0.36,9.5,1.6,1.78,0.84,6.97,388.1,47.05,1.31,0.01,0.38,1.33,6.61,0.13,0.28,0.13,0,4.44,0.03,0.01,0.04,0.8,388.1,0.11,329.99,109.61,57.03,9.64,0.72,6.95,7.83,2.04,0,92.45,497.36,507.09,1004.46,-0.97,506.26,102.31,403.95,OK,6.43,OK,50.07,
FCW 612,612,Joe Wright Reservoir,JOER_063021,JOER,6/30/2021,12:00,,NORM,11.5,0.89,11.5,2.2,3.64,0.73,7.08,394.74,46.72,1.35,0.01,0.6,1.17,5.64,0.11,0.52,0.01,0,3.06,0,0.01,0.01,0.72,394.74,0.08,281.54,96.28,58.9,15.37,0.78,5.9,14.75,0.16,0,63.81,479.37,452.94,932.31,2.83,452.08,78.73,373.35,OK,-1.39,OK,46.07,
FCW 613,613,Chambers Lake Inflow,CBRI_063021,CBRI,6/30/2021,12:30,,NORM,7,0.51,7,2.7,2.73,0.74,7.12,288.93,40.15,1.52,0.02,0.62,0.98,5.27,0.09,0.47,0.04,0,2.48,0.01,0.01,0.02,0.71,288.93,0.08,263.17,80.97,65.99,15.96,1,4.47,13.16,0.69,0,51.63,358.88,427.16,786.05,-8.69,426.09,65.48,360.61,OK,-2.25,OK,39.25,
FCW 614,614,Barnes Meadow Reservoir Outflow,BMD_063021,BMD,6/30/2021,12:45,Likely water temperature error.,NORM,7,0.81,7,4.1,7.01,0.7,7.11,377.93,74.78,2.31,0.08,1.17,1.51,10.26,0.03,1.37,0.07,0,10.16,0.02,0.06,0.08,0.63,377.93,0.08,512.18,123.93,100.65,29.98,4.27,1.47,38.66,1.15,0,211.59,630.8,771.08,1401.87,-10.01,766.73,251.4,515.33,OK,-0.57,OK,74.35,
FCW 615,615,Barnes Meadow Reservoir,BRNR_063021,BRNR,6/30/2021,13:20,,NORM,16,1.1,16,1.6,7.19,0.7,7.1,405,67.26,2.38,0.06,1.21,1.51,10.27,0.03,1.37,0.01,0,10.54,0,0.05,0.05,0.65,405,0.08,512.33,124.09,103.44,30.95,3.22,1.58,38.51,0.15,0,219.43,664.66,774.1,1438.76,-7.61,770.8,258.09,512.71,OK,13.22,OK,76.15,
FCW 616,616,Chambers Lake,CBRR_063021,CBRR,6/30/2021,13:48,,NORM,12,3.47,12,1.9,3.3,0.53,7.19,310.29,40.11,1.25,0.05,0.7,0.92,5.18,0.08,0.45,0.01,0,3.11,0,0.03,0.04,0.49,310.29,0.06,258.63,75.29,54.46,17.78,2.49,4.05,12.69,0.2,0,64.7,391.93,408.72,800.65,-2.1,406.16,77.59,328.57,OK,0.24,OK,40.21,
FCW 617,617,Chambers Lake Outflow,CHD_063021_DUPE,CHD,6/30/2021,14:15,,NORM,8,1.05,8,3.6,3.1,0.83,7.1,356.2,46.71,1.65,0.05,0.87,1.04,6.56,0.09,0.51,0.01,0,3.47,0,0.04,0.04,0.79,356.2,0.08,327.35,85.74,71.6,22.3,2.66,4.74,14.3,0.15,0,72.15,447.53,509.73,957.26,-6.5,506.99,86.6,420.39,OK,2.98,OK,48.1,
FCW 618,618,Chambers Lake Outflow,CHD_063021,CHD,6/30/2021,14:15,,DUPLICATE,8,1.01,8,2.9,2.98,0.82,7.12,355.33,45.55,1.61,0.04,0.85,1.02,6.5,0.08,0.5,0.01,0,3.39,0,0.03,0.04,0.78,355.33,0.08,324.25,83.69,70.16,21.82,2.44,4.21,14.15,0.2,0,70.65,444.54,502.43,946.97,-6.11,499.92,85,414.92,OK,4.43,OK,47.57,
FCW 619,619,Long Draw Reservoir,LNGR_070721,LNGR,7/7/2021,10:00,,NORM,11,0.92,11,0.7,3.34,0.31,6.97,212.52,38.44,0.92,0.02,0.47,0.86,5.11,0.18,0.16,0.49,0,4.88,0.11,0.02,0.13,0.18,212.52,0.11,255.04,70.6,39.8,11.92,1.22,9.37,4.46,7.88,0,101.52,335.75,378.69,714.44,-6.01,377.36,113.86,263.5,OK,-4.05,OK,36.88,
FCW 620,620,Long Draw Reservoir Outflow,LNGO_070721,LNGO,7/7/2021,10:30,,NORM,7,0.38,7,1.7,3,0.39,6.81,238.69,42.45,0.92,0.03,0.45,0.93,5.75,0.2,0.14,0.69,0,5.75,0.15,0.03,0.18,0.21,238.69,0.16,286.98,76.69,40.19,11.56,1.83,10.26,4.04,11.06,0,119.78,383.84,417.41,801.24,-4.19,415.42,134.89,280.54,OK,-2.18,OK,41.52,
FCW 621,621,Peterson Reservoir,PTRR_070721,PTRR,7/7/2021,11:40,,NORM,13,0.49,13,1.3,7.51,0.62,6.74,171.36,40.99,1.58,0.16,1.18,0.76,4.87,0.02,0.74,0.11,0,6.48,0.02,0.13,0.15,0.46,171.36,0.18,243.21,62.87,68.51,30.08,9.04,1.21,20.93,1.72,0,134.83,330.05,413.89,743.94,-11.27,404.67,157.48,247.19,OK,-0.98,OK,40.59,
FCW 622,622,Peterson Reservoir Outflow,PTRO_070721,PTRO,7/7/2021,11:20,,NORM,1.8,0.51,1.8,0,7.22,0.55,7,136.86,40.25,1.64,0.15,1.24,0.76,5.21,0.02,0.76,0.12,0,6.53,0.03,0.12,0.15,0.41,136.86,0.1,259.73,62.7,71.47,31.77,8.48,1.21,21.43,1.97,0,135.95,297.41,434.25,731.66,-18.7,425.67,159.35,266.32,OK,0.04,OK,40.27,
FCW 623,623,Joe Wright Reservoir Inflow,JOEI_070721,JOEI,7/7/2021,12:20,,NORM,11,0.35,11,0.9,1.29,0.24,6.95,407.85,54.74,1.4,0.02,0.36,1.39,7.18,0.11,0.21,0.36,0,5.44,0.08,0.02,0.1,0.14,407.85,0.11,358.48,114.22,60.68,9.08,1.11,5.9,6.01,5.77,0,113.3,538.82,543.68,1082.5,-0.45,542.46,125.08,417.37,OK,-0.59,OK,54.42,
FCW 624,624,Joe Wright Reservoir,JOER_070721,JOER,7/7/2021,12:50,,NORM,11,0.69,11,0.6,3.28,0.27,6.99,321.8,43.86,1.43,0.03,0.57,1.18,5.5,0.09,0.47,0.01,0,3.24,0,0.02,0.03,0.24,321.8,0.1,274.45,96.85,62.11,14.55,1.77,4.53,13.4,0.15,0,67.48,407.35,449.85,857.2,-4.96,447.97,81.02,366.95,OK,-2.21,OK,42.89,
FCW 625,625,Joe Wright Reservoir,JOER_070721,JOER,7/7/2021,12:50,,DUPLICATE,11,0.88,11,1.7,3.19,0.23,7,319.44,44.33,1.43,0.03,0.58,1.19,5.62,0.09,0.48,0.01,0,3.25,0,0.03,0.03,0.2,319.44,0.1,280.24,97.68,62.25,14.73,1.83,4.47,13.41,0.13,0,67.65,405.11,456.82,861.93,-6,454.89,81.19,373.7,OK,-2.65,OK,43.16,
FCW 626,626,Chambers Lake Inflow,CBRI_070721,CBRI,7/7/2021,13:30,,NORM,7,0.56,7,0.3,2.76,0.28,7.06,354.5,44.29,1.65,0.04,0.65,1.1,5.97,0.04,0.51,0.19,0,2.89,0.04,0.03,0.07,0.21,354.5,0.09,298.1,90.68,71.6,16.65,2.11,2.16,14.44,2.99,0,60.26,434.36,479.23,913.58,-4.91,477.03,77.69,399.34,OK,3.11,OK,45.67,
FCW 627,627,Barnes Meadow Reservoir Outflow,BMD_070721,BMD,7/7/2021,13:50,,NORM,13,0.5,13,7.3,7.03,0.51,6.81,415.86,76.7,2.36,0.15,1.17,1.49,9.96,0.04,1.67,0.18,0,10.53,0.04,0.12,0.16,0.35,415.86,0.15,497.11,122.36,102.57,29.8,8.37,1.95,47.13,2.84,0,219.31,687.09,760.36,1447.45,-5.06,751.83,269.28,482.55,OK,0.24,OK,76.88,
FCW 628,628,Barnes Meadow Reservoir,BRNR_070721,BRNR,7/7/2021,14:25,,NORM,19,1.23,19,0.7,7.16,0.4,7.2,427.88,79.26,2.41,0.04,1.27,1.72,10,0.06,1.75,0.15,0,10.86,0.03,0.03,0.06,0.34,427.88,0.06,499.15,141.37,104.87,32.38,2.05,3.26,49.34,2.42,0,226.01,708.92,779.89,1488.81,-4.77,777.77,277.78,500,OK,-0.58,OK,78.8,
FCW 629,629,Chambers Lake,CBRR_070721,CBRR,7/7/2021,15:15,,NORM,17,2.13,17,2.3,3.14,0.23,7.33,297.13,42.25,1.39,0.04,0.72,1.05,5.54,0.07,0.48,0.11,0,3.2,0.02,0.03,0.05,0.17,297.13,0.05,276.65,86.73,60.46,18.52,1.94,3.42,13.56,1.72,0,66.69,382.51,444.34,826.86,-7.48,442.36,81.97,360.39,OK,-1.23,OK,41.72,
FCW 630,630,Chambers Lake Outflow,CHD_070721,CHD,7/7/2021,15:30,No TSS,NORM,10,1.22,10,,2.7,0.17,6.98,383.65,52.49,1.9,0.04,0.98,1.27,7.41,0.04,0.61,0.17,0,3.76,0.04,0.03,0.07,0.1,383.65,0.1,369.96,104.51,82.6,25.07,2.05,1.95,17.11,2.79,0,78.29,483.78,584.29,1068.07,-9.41,582.13,98.18,483.95,OK,2.74,OK,53.93,
FCW 631,631,Hourglass Reservoir Outflow,HORO_070921,HORO,7/9/2021,10:13,NO TSS; 500 mL chla,NORM,14,1.7,14,,2.58,0.21,6.74,116.01,18.61,1.12,0.04,0.32,0.44,2.31,0.02,0.29,0.11,0,1.38,0.02,0.03,0.06,0.15,116.01,0.18,115.02,35.8,48.67,8.26,2.44,1.11,8.04,1.71,0,28.7,155.57,210.37,365.94,-14.98,207.75,38.45,169.3,OK,0.51,OK,18.7,
FCW 632,632,Hourglass Reservoir,HORR_070932,HORR,7/9/2021,10:25,NO TSS,NORM,14,1.36,14,,2.55,0.21,6.71,110.49,17.49,1.1,0.03,0.31,0.44,2.08,0.02,0.16,0.18,0,1.36,0.04,0.02,0.06,0.15,110.49,0.2,103.59,35.88,47.89,7.95,1.55,1,4.56,2.92,0,28.25,147.23,197.06,344.3,-14.47,195.32,35.74,159.58,OK,0.28,OK,17.54,
FCW 633,633,Comanche Reservoir Inflow,COMI_070921,COMI,7/9/2021,11:31,NO TSS; 500 mL chla,NORM,9,0.43,9,,2.75,0.22,6.74,123.96,18.97,1.36,0.02,0.24,0.46,2.36,0.02,0.21,0.27,0,1.33,0.06,0.02,0.08,0.14,123.96,0.18,117.66,37.61,59.07,6.22,1.28,1.05,6.01,4.43,0,27.66,163.11,222.01,385.13,-15.29,220.55,38.1,182.46,OK,2.91,OK,19.52,
FCW 634,634,Comanche Reservoir,COMR_070921,COMR,7/9/2021,12:20,NO TSS,NORM,13,0.29,13,,2.91,0.27,6.75,171.14,24.5,1.54,0.1,0.35,0.59,2.86,0.02,0.24,0.35,0,1.94,0.08,0.07,0.15,0.12,171.14,0.18,142.71,48.39,67.16,8.95,5.27,0.95,6.85,5.57,0,40.35,224.86,272.65,497.51,-9.61,267.21,52.77,214.44,OK,3.35,OK,25.32,
FCW 635,635,Hourglass Reservoir Inflow,HORI_070921,HORI,7/9/2021,12:31,NO TSS; 500 mL chla,NORM,8,0.7,8,,1.89,0.21,6.66,108.86,16.55,1.08,0.01,0.26,0.39,1.79,0.02,0.13,0.26,0,1.19,0.06,0.01,0.07,0.14,108.86,0.22,89.17,32.09,47.06,6.7,0.55,0.95,3.64,4.23,0,24.7,142.38,175.8,318.18,-10.5,175.03,32.57,142.46,OK,-2.58,OK,16.12,
FCW 636,636,Comanche Reservoir Outflow,COMO_070921,COMO,7/9/2021,12:47,NO TSS; 500 mL chla,NORM,12,2.33,12,,2.85,0.28,6.77,154.21,23.99,1.47,0.04,0.32,0.57,2.71,0.02,0.2,0.36,0,1.77,0.08,0.03,0.11,0.17,154.21,0.17,135.13,46.66,63.98,8.24,2,0.84,5.6,5.79,0,36.76,203.2,256.17,459.37,-11.53,254.01,48.15,205.86,OK,-2.8,OK,23.32,
FCW 655,655,Long Draw Reservoir,LNGR_071421,LNGR,7/14/2021,9:40,No TSS,NORM ,15.2,1.97,3,,3.18,0.25,6.97,221.2,41.57,0.96,0.02,0.49,1.03,5.75,0.19,0.16,0.41,0,5.25,0.09,0.02,0.11,0.14,221.2,0.11,286.68,84.51,41.76,12.51,1.22,10,4.63,6.55,0,109.37,351.74,426.78,778.52,-9.64,425.45,120.55,304.91,OK,-3.39,OK,40.16,
FCW 656,656,Long Draw Reservoir Outflow,LNGO_071421,LNGO,7/14/2021,10:05,,NORM,11.2,1.17,,-1.25,2.96,0.3,6.91,235.62,42.57,0.96,0.02,0.48,1.1,6.13,0.2,0.14,0.58,0,5.97,0.13,0.02,0.15,0.15,235.62,0.12,305.89,90.1,41.76,12.25,1.22,10.53,4.01,9.41,0,124.28,383.85,451.35,835.19,-8.08,450,137.7,312.3,OK,1.62,OK,43.26,
FCW 657,657,Peterson Reservoir Outflow,PTRO_071421,PTRO,7/14/2021,10:55,,DUPLICATE,17.1,0.5,5.5,,7.13,0.56,7.01,212.95,45.2,1.78,0.15,1.39,0.88,5.89,0.02,0.78,0.17,0,6.65,0.04,0.11,0.15,0.41,212.95,0.1,293.76,72.08,77.3,35.42,8.09,1.26,21.94,2.75,0,138.56,377.46,486.76,864.22,-12.65,478.57,163.25,315.32,OK,3.08,OK,46.59,
FCW 658,658,Peterson Reservoir Outflow,PTRO_071421,PTRO,7/14/2021,10:55,,NORM,17.1,0.52,3,0.54,7.23,0.54,6.99,202.02,45.57,1.77,0.14,1.39,0.87,5.97,0.03,0.77,0.17,0,6.66,0.04,0.11,0.14,0.4,202.02,0.1,297.85,71.75,76.99,35.53,7.54,1.32,21.67,2.77,0,138.7,366.48,489.77,856.25,-14.4,482.13,163.15,318.98,OK,1.5,OK,46.26,
FCW 659,659,Peterson Reservoir,PTRR_071421,PTRR,7/14/2021,11:15,,NORM,16.5,0.54,,0,7.28,0.49,6.87,184.52,42.55,1.67,0.15,1.22,0.82,5.02,0.06,0.78,0.14,0,6.56,0.03,0.11,0.14,0.34,184.52,0.13,250.4,67.06,72.77,31.25,8.04,2.89,22.14,2.2,0,136.67,348.43,429.66,778.1,-10.44,421.49,161.01,260.48,OK,-0.83,OK,42.19,
FCW 660,660,Joe Wright Reservoir Inflow,JOEI_071421,JOEI,7/14/2021,12:00,No TSS,NORM ,9,0.52,2.5,,1.14,0.17,7.08,454.32,56.67,1.53,0.04,0.37,1.42,7.36,0.07,0.27,0.39,0,6.1,0.09,0.03,0.12,0.06,454.32,0.08,367.27,117.18,66.38,9.34,2.16,3.47,7.48,6.29,0,126.94,598.49,562.4,1160.89,3.11,560.16,140.7,419.46,OK,3.26,OK,58.52,
FCW 661,661,Joe Wright Reservoir,JOER_071421,JOER,7/14/2021,12:20,No TSS,NORM ,14.1,1.43,1.5,,3.16,0.18,7.11,316.98,45.57,1.57,0.03,0.57,1.29,6.03,0.05,0.55,0.01,0,3.39,0,0.02,0.02,0.16,316.98,0.08,301.05,105.74,68.33,14.48,1.5,2.79,15.43,0.16,0,70.67,406.03,491.17,897.21,-9.49,489.6,86.26,403.34,OK,-0.98,OK,45.13,
FCW 662,662,Chambers Lake Inflow,CBRI_071421,CBRI,7/14/2021,12:45,No TSS,NORM ,7.3,0.4,2,,2.63,0.21,7.11,390.19,47.26,1.79,0.03,0.67,1.12,5.88,0.07,0.53,0.19,0,2.89,0.04,0.02,0.07,0.14,390.19,0.08,293.26,92.33,77.82,17.06,1.77,3.47,14.83,2.99,0,60.21,471.69,482.32,954.01,-1.11,480.47,78.03,402.44,OK,0.26,OK,47.38,
FCW 663,663,Barnes Meadow Reservoir Outflow,BMD_071421,BMD,7/14/2021,13:02,,NORM,7.1,1.39,15,7.39,7.19,0.62,6.81,409.34,78.97,2.43,0.29,1.2,1.48,9.62,0.03,1.67,0.23,0,10.76,0.05,0.22,0.27,0.35,409.34,0.16,479.99,121.37,105.74,30.64,15.86,1.47,47.01,3.69,0,223.98,685.5,753.76,1439.26,-4.74,737.75,274.69,463.06,OK,-2.72,OK,76.82,
FCW 664,664,Barnes Meadow Reservoir,BRNR_071421,BRNR,7/14/2021,13:28,No TSS,NORM ,17.4,2.19,4.5,,7.1,0.31,7.19,467.15,80.81,2.47,0.03,1.23,1.55,9.83,0.03,1.69,0.18,0,11.8,0.04,0.02,0.06,0.24,467.15,0.06,490.37,127.22,107.4,31.56,1.61,1.68,47.79,2.94,0,245.78,765.33,758.21,1523.55,0.47,756.54,296.5,460.04,OK,-0.06,OK,80.76,
FCW 665,665,Chambers Lake,CBRR_071421,CBRR,7/14/2021,13:57,No TSS,NORM ,15.6,1.69,4,,2.89,0.19,7.21,316.75,44.45,1.44,0.03,0.68,0.97,5.48,0.06,0.44,0.14,0,3.14,0.03,0.02,0.05,0.14,316.75,0.06,273.3,79.49,62.59,17.37,1.5,3.16,12.41,2.25,0,65.44,400.01,434.31,834.33,-4.11,432.75,80.1,352.65,OK,-5.68,OK,41.93,
FCW 666,666,Chambers Lake Outflow,CHD_071421,CHD,7/14/2021,14:15,,NORM,10.7,1.29,2.5,0.73,2.57,0.19,7.05,421.53,52.25,1.83,0.02,0.94,1.17,7.15,0.06,0.49,0.17,0,3.41,0.04,0.02,0.06,0.13,421.53,0.09,356.89,96.61,79.56,24.02,1.28,3,13.87,2.82,0,71.1,512.32,558.43,1070.75,-4.31,557.07,87.78,469.28,OK,2.38,OK,53.49,
FCW 733,733,Long Draw Reservoir,LNGR_072821,LNGR,7/28/2021,9:40,,NORM,16.7,0.3,5,1.8,4.21,0.24,7.02,218.2,39.04,0.95,0.02,0.49,0.94,5.64,0.19,0.17,0.4,0,5.01,0.09,0.01,0.11,0.14,218.2,0.1,281.64,77.68,41.12,12.51,1.04,10.06,4.66,6.48,0,104.33,343.74,414.08,757.82,-9.28,412.95,115.48,297.47,OK,0,OK,39.04,
FCW 734,734,Long Draw Reservoir,LNGR_072821_DUPE,LNGR,7/28/2021,9:40,,DUPLICATE,16.7,0.31,4.5,1.55,4.67,0.24,6.88,236.02,41.31,0.93,0.04,0.54,1.05,5.99,0.17,0.21,0.42,0,5.92,0.09,0.03,0.13,0.11,236.02,0.13,298.65,86.73,40.58,13.91,2.33,9.16,6,6.76,0,123.31,381.26,442.34,823.6,-7.42,439.88,136.08,303.8,OK,3.56,OK,42.78,
FCW 735,735,Long Draw Reservoir Outflow,LNGO_072821,LNGO,7/28/2021,10:15,,NORM,12,0.54,3.5,1,5.39,0.29,6.95,232.1,42.04,0.97,0.02,0.48,1.02,5.95,0.09,0.14,0.54,0,5.78,0.12,0.02,0.14,0.15,232.1,0.11,296.66,84.02,42.28,12.33,1.23,4.68,4.07,8.76,0,120.26,369.87,436.63,806.5,-8.28,435.29,133.09,302.2,OK,0,OK,42.04,
FCW 736,736,Peterson Reservoir Outflow,PTRO_072821,PTRO,7/28/2021,10:55,,NORM,,0.17,5,0,9.11,0.53,7.02,208.61,44.99,1.68,0.06,1.29,0.82,5.85,0.01,0.74,0.02,0,6.55,0,0.05,0.05,0.48,208.61,0.1,292.02,67.65,73.21,33.07,3.38,0.58,20.96,0.36,0,136.4,366.9,469.42,836.32,-12.26,465.94,157.71,308.23,OK,-0.02,OK,44.98,
FCW 737,737,Peterson Reservoir,PTRR_072821,PTRR,7/28/2021,11:15,,NORM,,0.44,6,-1,9.62,0.46,6.92,183.99,40.5,1.63,0.08,1.08,0.73,4.73,0.03,0.72,0.01,0,6.33,0,0.07,0.07,0.39,183.99,0.12,236.23,60.32,70.94,27.67,4.66,1.69,20.36,0.2,0,131.82,338.06,399.94,738,-8.38,395.16,152.38,242.78,OK,-1.52,OK,39.89,
FCW 738,738,Joe Wright Reservoir Inflow,JOEI_072821,JOEI,7/28/2021,12:00,,NORM,,0.23,1,-2.7,5.8,0.15,7.09,398.9,53.21,1.47,0.02,0.34,1.37,7.04,0.07,0.25,0.27,0,5.98,0.06,0.02,0.08,0.07,398.9,0.08,351.4,112.4,64.03,8.72,1.22,3.47,7.08,4.37,0,124.57,538.4,537.85,1076.25,0.05,536.55,136.02,400.53,OK,2.4,OK,54.49,
FCW 739,739,Joe Wright Reservoir,JOER_072821,JOER,7/28/2021,12:18,,NORM,,0.51,2.75,0,6.74,0.17,7.08,320.99,42.81,1.48,0.03,0.55,1.11,5.88,0.04,0.51,0.01,0,3.12,0,0.02,0.03,0.14,320.99,0.08,293.16,91.59,64.47,14.12,1.72,2.28,14.44,0.15,0,64.92,402.78,465.14,867.92,-7.19,463.34,79.51,383.83,OK,1.72,OK,43.55,
FCW 740,740,Chambers Lake Inflow,CBRI_072821,CBRI,7/28/2021,12:45,,NORM,,0.42,3,0,6.8,0.18,7.12,388.51,47.2,1.64,0.03,0.64,1.08,5.73,0.04,0.48,0.18,0,2.79,0.04,0.03,0.07,0.11,388.51,0.08,286.13,89.27,71.47,16.47,1.83,2.21,13.46,2.94,0,58.17,465.28,465.24,930.53,0,463.34,74.57,388.77,OK,-2.14,OK,46.19,
FCW 741,741,Barnes Meadow Reservoir Outflow,BMD_072821,BMD,7/28/2021,13:00,,NORM,,3.37,11,2.4,12.94,0.49,6.92,419.6,73.97,2.31,0.18,1.18,1.37,9.4,0.03,1.48,0.18,0,10.2,0.04,0.14,0.18,0.31,419.6,0.12,469.26,112.92,100.44,30.24,10.04,1.74,41.8,2.94,0,212.44,678.53,723.01,1401.53,-3.17,712.85,257.18,455.67,OK,0.47,OK,74.31,
FCW 742,742,Barnes Meadow Reservoir,BRNR_072821,BRNR,7/28/2021,13:25,,NORM,,2.98,3.75,2.8,12.21,0.33,7.1,446.51,75.4,2.41,0.03,1.19,1.54,9.3,0.03,1.69,0.15,0,10.85,0.03,0.03,0.06,0.27,446.51,0.08,464.22,126.56,104.92,30.51,1.79,1.57,47.75,2.44,0,226,724.27,728.08,1452.35,-0.26,726.22,276.19,450.03,OK,1.92,OK,76.84,
FCW 743,743,Chambers Lake,CBRR_072821,CBRR,7/28/2021,13:55,,NORM,,1.74,3.5,0,6.25,0.15,7.28,328.11,41.75,1.37,0.03,0.64,0.95,5.38,0.05,0.45,0.09,0,3.09,0.02,0.02,0.04,0.1,328.11,0.05,268.51,78.42,59.68,16.43,1.66,2.79,12.64,1.49,0,64.36,409.38,424.75,834.13,-1.84,423.04,78.48,344.56,OK,0.13,OK,41.8,
FCW 744,744,Chambers Lake Outflow,CHD_072821,CHD,7/28/2021,14:20,,NORM,,2.02,3.5,3,6.55,0.16,7.03,433.83,51.21,1.81,0.02,0.93,1.09,7.02,0.04,0.48,0.16,0,3.31,0.04,0.02,0.05,0.11,433.83,0.09,350.46,89.94,78.77,23.86,1.17,2.33,13.6,2.6,0,68.9,521.25,544.3,1065.55,-2.16,543.04,85.09,457.95,OK,3.76,OK,53.14,
FCW 808,808,Long Draw Reservoir Inflow,LNGI_080421,LNG1,8/4/2021,9:30,,NORM ,,0,75,,8.42,0.59,6.77,104.13,36.51,1.36,0.04,1.09,0.73,3.53,0.05,1.95,1.28,0,6.71,0.29,0.03,0.32,0.27,104.13,0.17,176.31,60.05,59.29,27.83,2.33,2.47,55.01,20.65,0,139.68,321.94,325.97,647.91,-0.62,323.47,215.33,108.14,OK,2.06,OK,37.26,
FCW 809,809,Long Draw Reservoir,LNGR_080421,LNGR,8/4/2021,9:50,,NORM ,,0.32,,,5.8,0.25,6.88,237.68,41.91,0.89,0.03,0.52,0.99,6.07,0.23,0.18,0.4,0,6.2,0.09,0.02,0.11,0.14,237.68,0.13,303.02,81.34,38.58,13.17,1.55,11.9,5.13,6.41,0,129.1,390.21,437.8,828.01,-5.75,436.11,140.64,295.47,OK,2.46,OK,42.94,
FCW 811,811,Long Draw Reservoir Outflow,LNGO_080421,LNGO,8/4/2021,10:11,,NORM ,,0.21,3,,5.69,0.31,6.88,195.97,36.31,0.94,0.05,0.52,0.77,4.68,0.26,0.16,0.56,0,7.44,0.13,0.04,0.17,0.15,195.97,0.13,233.42,63.14,41.02,13.27,2.83,13.69,4.46,9,0,154.85,377.96,353.81,731.77,3.3,350.85,168.31,182.54,OK,6.98,OK,38.84,
FCW 813,813,Peterson Reservoir Outflow,PTRO_080421,PTRO,8/4/2021,10:55,,NORM ,,0.13,4.5,,10.28,0.56,6.73,182,44.32,1.48,0.13,1.27,0.63,5.9,0.04,0.87,0.42,0,7.4,0.1,0.1,0.2,0.36,182,0.19,294.3,51.9,64.38,32.38,7.15,2.21,24.52,6.8,0,154.05,369.58,450.3,819.87,-9.85,442.96,185.37,257.59,OK,1.61,OK,45.04,
FCW 814,814,Peterson Reservoir Outflow,PTRO_080421,PTRO,8/4/2021,10:55,,DUPLICATE,,0.1,,,10.38,0.57,6.74,192.36,44.09,1.49,0.15,1.27,0.62,5.98,0.04,0.87,0.42,0,7.41,0.1,0.11,0.21,0.36,192.36,0.18,298.38,50.73,64.77,32.38,8.15,2.16,24.59,6.84,0,154.33,380.28,454.59,834.87,-8.9,446.26,185.76,260.5,OK,3.8,OK,45.77,
FCW 816,816,Peterson Reservoir,PTRR_080421,PTRR,8/4/2021,11:20,,NORM,,0.22,2.25,,9.76,0.5,6.79,186.58,35.13,1.56,0.12,1.27,0.62,4.05,0.05,0.77,0.17,0,6.89,0.04,0.09,0.13,0.37,186.58,0.16,202.32,50.67,67.94,32.48,6.38,2.42,21.62,2.7,0,143.42,356.75,359.95,716.7,-0.45,353.41,167.75,185.67,OK,11.69,OK,39.23,
FCW 817,817,Joe Wright Reservoir Inflow,JOEI_080421,JOEI,8/4/2021,12:07,,NORM,,0.27,2.5,,6.95,0.24,7.12,422.1,51.38,1.48,0.01,0.47,1.16,5.89,0.13,0.29,0.38,0,6.34,0.09,0.01,0.1,0.15,422.1,0.08,293.75,95.04,64.55,11.97,0.67,6.79,8.22,6.19,0,132.11,575.41,466.05,1041.47,10.5,465.31,146.52,318.79,OK,2.5,OK,52.66,
FCW 818,818,Joe Wright Reservoir,JOER_080421,JOER,8/4/2021,12:30,,NORM,,0.83,2.5,,6.85,0.17,7.04,324.09,40.82,1.39,0.01,0.62,0.9,5.25,0.09,0.47,0.02,0,3.83,0.01,0.01,0.02,0.16,324.09,0.09,261.8,74.06,60.42,15.91,0.72,4.9,13.32,0.37,0,79.78,422.46,413,835.46,1.13,412.19,93.48,318.71,OK,3.1,OK,42.08,
FCW 819,819,Chambers Lake Inflow,CBRI_080421,CBRI,8/4/2021,12:50,,NORM,,0.47,3.25,,8.46,0.24,7.11,367.5,39.08,1.77,0.01,0.78,0.9,4.78,0.07,0.63,0.1,0,3.34,0.02,0,0.03,0.21,367.5,0.08,238.66,74.12,76.86,19.92,0.33,3.47,17.69,1.68,0,69.59,459.93,409.98,869.91,5.74,409.57,88.96,320.61,OK,11.42,OK,43.54,
FCW 820,820,Barnes Meadow Reservoir Outflow,BMD_080421,BMD,8/4/2021,13:00,,NORM ,,3.75,11,2.51,13.22,0.59,6.96,432.13,68.75,2.32,0.25,1.2,1.1,7.19,0.05,1.72,0.3,0,10.41,0.07,0.19,0.26,0.33,432.13,0.11,358.91,90.29,100.96,30.59,13.91,2.42,48.4,4.82,0,216.72,704.5,594.77,1299.27,8.45,580.74,269.95,310.8,OK,0.86,OK,69.34,
FCW 821,821,Barnes Meadow Reservoir,BRNR_080421,BRNR,8/4/2021,13:40,,NORM,,3.09,5,,12.68,0.45,7.23,427.66,69.75,2.43,0.03,1.25,1.43,9.49,0.05,1.7,0.02,0,12.06,0,0.02,0.02,0.42,427.66,0.06,473.6,117.88,105.87,31.84,1.44,2.63,47.98,0.25,0,251.14,729.66,730.7,1460.35,-0.07,729.2,299.37,429.83,OK,11.62,OK,77.86,
FCW 822,822,Chambers Lake,CBRR_080421,CBRR,8/4/2021,14:10,,NORM,,2.53,3.75,,7.56,0.32,7.17,295.52,34.22,1.34,0.01,0.75,0.72,4.07,0.07,0.43,0.01,0,3.31,0,0.01,0.01,0.31,295.52,0.07,203.22,59.25,58.46,19.05,0.72,3.47,12.23,0.13,0,68.89,380.24,340.77,721.01,5.47,339.98,81.25,258.73,OK,6.23,OK,36.35,
FCW 823,823,Chambers Lake Outflow,CHD_080421,CHD,8/4/2021,14:35,,NORM,,1.72,4.75,,7.35,0.22,6.99,392.59,47.02,1.58,0.04,0.91,1.05,6.23,0.07,0.54,0.03,0,3.17,0.01,0.03,0.04,0.18,392.59,0.1,310.63,85.99,68.51,23.38,2.44,3.42,15.32,0.43,0,65.9,477.66,491.05,968.71,-1.38,488.5,81.65,406.85,OK,2.93,OK,48.4,
FCW 870,870,Long Draw Reservoir,LNGO_081121,LNGR,8/11/2021,9:23,,NORM ,,0.42,4,,5.67,0.26,6.99,265.52,43.88,0.95,0.03,0.56,1.11,6.85,0.23,0.17,0.44,0,6.45,0.1,0.02,0.12,0.13,265.52,0.1,341.92,91.26,41.41,14.4,1.72,12.32,4.88,7.16,0,134.33,424.21,490.8,915.01,-7.28,488.98,146.37,342.61,OK,7.73,OK,47.27,
FCW 871,871,Long Draw Reservoir Outflow,LNGO_081121,LNGO,8/11/2021,9:50,,NORM ,,0.38,2.5,,5.41,0.3,6.95,292.49,44.66,0.96,0.03,0.55,1.03,6.56,0.28,0.16,0.52,0,7,0.12,0.03,0.14,0.16,292.49,0.11,327.4,84.92,41.71,14.07,1.88,14.58,4.53,8.4,0,145.79,465.79,470.09,935.88,-0.46,468.1,158.72,309.38,OK,8.11,OK,48.28,
FCW 872,872,Peterson Reservoir Outflow,PTRO_081121,PTRO,8/11/2021,10:31,,NORM ,,0.61,4,,9.62,0.59,6.84,187.25,41.24,1.62,0.11,1.35,0.59,5.37,0.04,0.79,0.28,0,6.69,0.06,0.09,0.15,0.44,187.25,0.14,267.91,48.47,70.25,34.58,6.15,2.21,22.38,4.55,0,139.21,355.61,427.51,783.11,-9.18,421.21,166.14,255.07,OK,3.56,OK,42.71,
FCW 873,873,Peterson Reservoir,PTRR_081121,PTRR,8/11/2021,10:45,,NORM ,,0.47,2,,9.54,0.62,6.82,202.01,41.5,1.64,0.11,1.35,0.65,5.32,0.06,0.78,0.29,0,6.64,0.07,0.08,0.15,0.47,202.01,0.15,265.57,53.73,71.21,34.55,5.93,3.32,22.01,4.72,0,138.16,370.22,431.15,801.37,-7.6,425.06,164.9,260.16,OK,4.61,OK,43.42,
FCW 874,874,Joe Wright Reservoir Inflow,JOEI_081121,JOEI,8/11/2021,11:33,,NORM ,,0.21,3,,5.03,0.26,7.23,454.77,62.74,1.65,0.02,0.47,1.58,8.71,0.14,0.3,0.55,0,7.2,0.12,0.02,0.14,0.12,454.77,0.06,434.63,129.77,71.55,12.12,1.11,7.42,8.42,8.8,0,149.93,629.34,649.24,1278.58,-1.56,648.08,167.15,480.93,OK,3.42,OK,64.89,
FCW 875,875,Joe Wright Reservoir,JOER_081121,JOER,8/11/2021,12:02,,NORM ,,0.83,3,,6.55,0.29,7.16,376.78,45.27,1.46,0.02,0.65,1.27,6.38,0.1,0.45,0.01,0,3.87,0,0.01,0.02,0.27,376.78,0.07,318.36,104.83,63.68,16.5,1,5.21,12.77,0.13,0,80.53,475.41,504.44,979.85,-2.96,503.38,93.42,409.95,OK,8.17,OK,48.96,
FCW 876,876,Chambers Lake Inflow,CBRI_081121,CBRI,8/11/2021,12:29,,NORM ,,0.35,2.5,,6.77,0.38,7.18,385.95,48.79,1.79,0.04,0.78,1.22,6.56,0.09,0.57,0.06,0,3.24,0.01,0.03,0.04,0.33,385.95,0.07,327.45,100.56,77.9,19.9,2.22,4.58,16.21,0.96,0,67.49,475.19,528.09,1003.28,-5.27,525.8,84.66,441.14,OK,2.61,OK,50.06,
FCW 877,877,Barnes Meadow Reservoir Outflow,BMD_081121,BMD,8/11/2021,12:50,,NORM ,,8.58,15.5,,12.58,0.64,6.94,464.18,72.7,2.57,0.3,1.31,1.52,7.56,0.07,1.75,0.13,0,10,0.03,0.23,0.26,0.39,464.18,0.12,377.05,124.75,111.92,33.43,16.35,3.63,49.36,2.02,0,208.14,727.34,663.61,1390.95,4.58,647.14,259.52,387.62,OK,1.06,OK,73.47,
FCW 878,878,Barnes Meadow Reservoir,BRNR_081121,BRNR,8/11/2021,13:19,,NORM ,,4.81,4.5,,11.96,0.32,7.3,478.83,84.04,2.74,0.03,1.38,1.58,11.11,0.05,1.79,0.01,0,11.61,0,0.02,0.03,0.29,478.83,0.05,554.49,129.93,119.1,35.19,1.61,2.37,50.42,0.24,0,241.74,773.6,840.37,1613.97,-4.14,838.71,292.4,546.31,OK,1.46,OK,85.27,
FCW 879,879,Chambers Lake,CBRR_081121,CBRR,8/11/2021,14:00,,NORM ,,2.47,4,,6.61,0.2,7.23,352.37,46.78,1.54,0.02,0.88,1.03,6.34,0.06,0.55,0.03,0,3.41,0.01,0.02,0.03,0.18,352.37,0.06,316.37,84.59,66.99,22.61,1.33,2.89,15.54,0.47,0,71.06,442.35,491.94,934.29,-5.31,490.55,87.08,403.48,OK,0.56,OK,47.04,
FCW 880,880,Chambers Lake Outflow,CHD_081121,CHD,8/11/2021,14:25,,NORM ,,1.91,3.5,,6.57,0.18,7.17,376.66,47.69,1.51,0.02,0.85,1.05,6.21,0.08,0.47,0.03,0,3.4,0.01,0.02,0.02,0.16,376.66,0.07,309.98,86.65,65.72,21.79,1.28,3.95,13.24,0.45,0,70.77,465.07,485.49,950.56,-2.15,484.14,84.46,399.69,OK,-0.31,OK,47.54,
FCW 887,887,Long Draw Reservoir,LNGR_081821,LNGR,8/18/2021,9:30,,NORM,,0.79,3.75,,5.76,0.31,6.96,244.19,44.94,0.99,0.02,0.58,1.09,7.02,0.27,0.22,0.51,0,7.09,0.12,0.02,0.13,0.17,244.19,0.11,350.3,89.78,42.85,14.81,1.28,14.37,6.15,8.27,0,147.59,420.57,499.11,919.69,-8.54,497.73,162.01,335.72,OK,6.58,OK,47.9,
FCW 888,888,Long Draw Reservoir Outflow,LNGO_081821,LNGO,8/18/2021,10:00,,NORM,,0.49,3.25,,5.49,0.27,6.96,365.62,55.32,1.01,0.04,0.57,1.09,7.93,0.28,0.18,0.53,0,7.4,0.12,0.03,0.15,0.12,365.62,0.11,395.56,89.78,43.72,14.68,2.33,14.84,5.01,8.51,0,154.06,548.04,546.17,1094.21,0.17,543.73,167.58,376.15,OK,1.32,OK,56.05,
FCW 889,889,Long Draw Reservoir Outflow,LNGO_081821,LNGO,8/18/2021,10:00,,DUPLICATE,,0.51,3,,5.43,0.29,6.98,368.97,55.03,1.02,0.04,0.6,1.07,7.89,0.29,0.2,0.58,0,7.5,0.13,0.03,0.16,0.13,368.97,0.1,393.56,88.05,44.32,15.29,2.27,15.47,5.51,9.37,0,156.13,555.45,543.61,1099.06,1.08,541.23,171.01,370.22,OK,2.35,OK,56.33,
FCW 890,890,Peterson Reservoir Outflow,PTRO_081821,PTRO,8/18/2021,10:45,,NORM,,1.06,3.5,,9.51,0.44,6.96,206.72,43.22,1.71,0.06,1.4,0.62,5.9,0.07,0.82,0.32,0,6.71,0.07,0.05,0.12,0.32,206.72,0.11,294.41,51.1,74.55,35.78,3.49,3.79,23.05,5.09,0,139.8,378.46,459.45,837.91,-9.67,455.85,167.95,287.9,OK,4.76,OK,45.28,
FCW 891,891,Peterson Reservoir,PTRR_081821,PTRR,8/18/2021,11:30,,NORM,,1.5,2,,9.41,0.46,6.5,217.31,42.73,1.69,0.08,1.38,0.56,5.5,0.06,0.82,0.53,0,6.97,0.12,0.06,0.18,0.27,217.31,0.32,274.5,45.92,73.64,35.4,4.38,3.32,23.19,8.61,0,145.09,397.51,434.15,831.66,-4.41,429.46,176.88,252.57,OK,5.72,OK,45.17,
FCW 892,892,Joe Wright Reservoir Inflow,JOEI_081821,JOEI,8/18/2021,12:02,,NORM ,,0.37,2.5,,5.36,0.24,7.18,480.29,68.19,1.8,0.05,0.55,1.69,9.15,0.17,0.32,0.59,0,7.9,0.13,0.04,0.17,0.07,480.29,0.07,456.39,138.9,78.25,14.02,2.66,8.68,9.11,9.59,0,164.41,672.09,690.28,1362.37,-1.34,687.56,183.11,504.44,OK,1.59,OK,69.28,
FCW 893,893,Joe Wright Reservoir,JOER_081821,JOER,8/18/2021,12:12,,NORM,,1.19,4.35,,6.61,0.18,6.98,394.72,49.08,1.49,0.04,0.67,1.31,6.55,0.12,0.45,0.02,0,4.02,0,0.03,0.03,0.15,394.72,0.1,326.85,108.13,64.85,17.03,2.11,6.05,12.6,0.3,0,83.8,497.47,519.07,1016.54,-2.12,516.86,96.7,420.16,OK,3.43,OK,50.76,
FCW 894,894,Chambers Lake Inflow,CBRI_081821,CBRI,8/18/2021,12:26,,NORM ,,0.47,3.25,,7.11,0.15,7.12,443.48,53.35,2.06,0.07,0.86,1.28,7.17,0.06,0.61,0.05,0,3.3,0.01,0.05,0.06,0.09,443.48,0.08,357.73,105.66,89.47,21.92,3.71,3.21,17.26,0.79,0,68.77,533.5,578.58,1112.08,-4.05,574.79,86.81,487.97,OK,3.78,OK,55.37,
FCW 895,895,Barnes Meadow Reservoir Outflow,BMD_081821,BMD,8/18/2021,12:35,,NORM,,9.42,14,,7.09,0.55,6.67,446.91,63.94,2.44,0.36,1.27,1.48,7.07,0.06,1.75,0.04,0,9.32,0.01,0.28,0.28,0.26,446.91,0.21,352.76,121.87,106.26,32.53,19.68,3.21,49.28,0.59,0,194.11,694.1,633.32,1327.42,4.58,613.43,243.98,369.45,OK,9.72,OK,70.15,
FCW 896,896,Barnes Meadow Reservoir,BRNR_081821,BRNR,8/18/2021,12:55,,NORM ,,2.29,4,,13.56,0.39,6.97,455.52,80.48,2.65,0.06,1.36,1.58,9.48,0.04,1.84,0.01,0,11.22,0,0.05,0.05,0.34,455.52,0.11,472.82,129.6,115.23,34.66,3.55,2.32,51.9,0.13,0,233.58,743.44,755.96,1499.4,-0.83,752.3,285.61,466.7,OK,-1.28,OK,79.45,
FCW 897,897,Chambers Lake,CBRR_081821,CBRR,8/18/2021,13:20,,NORM ,,2.2,4.25,,6.7,0.24,6.94,321.09,39.55,1.5,0.06,0.83,1.02,4.23,0.06,0.46,0.01,0,3.1,0,0.04,0.05,0.19,321.09,0.11,211.01,83.93,65.16,21.2,3.16,3.16,12.85,0.13,0,64.48,401.7,384.58,786.28,2.18,381.31,77.46,303.85,OK,-0.29,OK,39.43,
FCW 898,898,Chambers Lake Outflow,CHD_081821,CHD,8/18/2021,13:40,,NORM,,1.76,3,,6.72,0.19,6.98,376.8,45.12,1.55,0.04,0.85,1.07,5.61,0.05,0.46,0.01,0,3.21,0,0.03,0.04,0.16,376.8,0.11,280.05,88.29,67.2,21.66,2.38,2.74,13.04,0.12,0,66.75,459.44,459.71,919.15,-0.03,457.22,79.9,377.31,OK,1.74,OK,45.9,
FCW 959,959,Long Draw Reservoir,LNGR_082521,LNGR,8/25/2021,9:20,,NORM,13,0.47,3.5,,5.65,0.27,7.03,282.06,50.84,1.1,0.05,0.57,0.97,6.67,0.26,0.19,0.54,0.04,7.57,0.12,0.04,0.16,0.11,282.06,0.09,332.63,80.07,47.67,14.68,2.72,13.63,5.43,8.7,0.39,157.52,467.73,477.86,945.59,-1.07,475.05,171.64,303.41,OK,-3.24,OK,49.19,
FCW 960,960,Long Draw Reservoir Outflow,LNGO_082521,LNGO,8/25/2021,9:50,,NORM,14,0.66,3.75,,5.56,0.28,6.89,344.07,52.14,1.05,0.07,0.58,0.95,7.56,0.25,0.16,0.54,0,7.52,0.12,0.05,0.17,0.11,344.07,0.13,377,78.46,45.85,14.76,3.66,13.37,4.49,8.71,0,156.47,527.11,519.85,1046.96,0.69,516.06,169.67,346.39,OK,3.52,OK,53.98,
FCW 961,961,Peterson Reservoir Outflow,PTRO_082521,PTRO,8/25/2021,10:50,,NORM,14,2.69,3.5,,9.31,0.38,6.81,193.7,43.89,1.76,0.08,1.37,0.43,5.97,0.02,0.93,0.41,0,6.83,0.09,0.07,0.16,0.22,193.7,0.16,297.73,35.01,76.51,35.09,4.66,1,26.28,6.65,0,142.19,369.82,449.16,818.98,-9.69,444.35,175.12,269.23,OK,2.1,OK,44.81,
FCW 962,962,Peterson Reservoir,PTRR_082521,PTRR,8/25/2021,11:20,,NORM,14.5,3.03,1.75,,9.57,0.42,6.73,210.53,41.41,1.72,0.06,1.39,0.42,5.18,0.03,0.97,0.44,0,7.43,0.1,0.04,0.14,0.28,210.53,0.19,258.43,34.52,74.86,35.42,3.1,1.53,27.24,7.13,0,154.76,401.18,406.53,807.71,-0.66,403.24,189.12,214.11,OK,7.01,OK,44.32,
FCW 963,963,Joe Wright Reservoir Inflow,JOEI_0782521,JOEI,8/25/2021,12:10,,NORM,11,0.23,3,,5.02,0.23,7.26,482.02,67.53,1.81,0.04,0.55,1.6,8.79,0.14,0.31,0.71,0,7.94,0.16,0.03,0.19,0.04,482.02,0.06,438.6,131.62,78.51,14.12,2,7.26,8.72,11.46,0,165.4,674.87,664.9,1339.77,0.74,662.85,185.59,477.26,OK,1.04,OK,68.23,
FCW 964,964,Joe Wright Reservoir Inflow,JOEI_0782521,JOEI,8/25/2021,12:10,,DUPLICATE,11,0.23,3.25,,5.21,0.26,7.28,466.49,65.75,1.8,0.04,0.54,1.51,8.83,0.1,0.31,0.71,0,7.92,0.16,0.03,0.19,0.06,466.49,0.05,440.44,123.88,78.3,13.81,2.33,5.32,8.61,11.37,0,164.89,656.69,658.82,1315.5,-0.16,656.44,184.88,471.56,OK,2.26,OK,67.23,
FCW 965,965,Joe Wright Reservoir,JOER_082521,JOER,8/25/2021,12:45,,NORM,13,1.51,2.5,,6.3,0.2,7.16,381.23,48.45,1.44,0.03,0.6,1.21,6.3,0.09,0.47,0.03,0,3.99,0.01,0.02,0.03,0.17,381.23,0.07,314.47,99.49,62.77,15.42,1.77,4.84,13.31,0.5,0,82.99,482.87,493.99,976.86,-1.14,492.15,96.81,395.34,OK,0.9,OK,48.89,
FCW 966,966,Chambers Lake Inflow,CBRI_082521,CBRI,8/25/2021,13:05,,NORM,10,0.45,3.5,,7.02,0.18,7.21,456.88,54.51,1.96,0.04,0.82,1.01,7.33,0.05,0.65,0.12,0,3.46,0.03,0.03,0.06,0.12,456.88,0.06,365.87,83.29,85.05,21.02,2.4,2.86,18.46,1.97,0,71.94,552.1,557.7,1109.8,-0.5,555.23,92.36,462.87,OK,1.55,OK,55.35,
FCW 967,967,Barnes Meadow Reservoir Outflow,BMD_082521,BMD,8/25/2021,13:20,,NORM,9,8.42,13,,6.55,0.49,6.86,441.77,68.56,2.32,0.38,1.23,1.48,7.83,0.04,1.65,0.15,0,8.75,0.03,0.29,0.33,0.17,441.77,0.14,390.73,121.97,101,31.51,20.91,2.17,46.63,2.47,0,182.27,675.32,666.26,1341.58,0.67,645.21,231.38,413.83,OK,3.19,OK,70.74,
FCW 968,968,Barnes Meadow Reservoir,BRNR_082521,BRNR,8/25/2021,13:40,,NORM,16.5,1.91,4.2,,14.03,0.41,7.15,478.99,80.92,2.64,0.02,1.29,1.63,9.59,0.03,1.79,0.02,0,11.09,0,0.02,0.02,0.39,478.99,0.07,478.34,134.46,114.98,32.95,1.32,1.68,50.58,0.35,0,230.97,762.58,762.12,1524.7,0.03,760.73,281.91,478.83,OK,-0.64,OK,80.41,
FCW 969,969,Chambers Lake,CBRR_082521,CBRR,8/25/2021,14:05,,NORM,18,0.69,4.25,,6.61,0.24,6.99,311.07,41.53,1.54,0.03,0.89,1.03,5.2,0.07,0.49,0.03,0,3.41,0.01,0.02,0.03,0.21,311.07,0.1,259.5,85,67.07,22.64,1.61,3.42,13.76,0.5,0,70.98,399.74,435.92,835.66,-4.33,434.21,85.24,348.96,OK,1.61,OK,42.2,
FCW 970,970,Chambers Lake Outflow,CHD_082521,CHD,8/25/2021,14:30,,NORM,14,1.26,2.75,,6.53,0.23,6.92,359.27,45.5,1.58,0.04,0.91,1.12,5.22,0.04,0.51,0.05,0,3.33,0.01,0.03,0.05,0.19,359.27,0.12,260.68,92.33,68.87,23.33,2.4,2.22,14.41,0.87,0,69.38,446.16,447.72,893.88,-0.18,445.2,84.66,360.54,OK,-1.39,OK,44.87,
FCW 985,985,Long Draw Reservoir,LNGR_090121,LNGR,9/1/2021,9:45,,NORM,13,0.77,3.75,,5.77,0.28,6.9,299.4,48.71,1.03,0.02,0.6,1.03,6.51,0.3,0.18,0.5,0,7.49,0.11,0.02,0.13,0.15,299.4,0.12,324.82,85,44.9,15.45,1.23,15.79,5.03,8.1,0,155.93,484.25,471.52,955.77,1.33,470.16,169.06,301.11,OK,1.43,OK,49.4,
FCW 986,986,Long Draw Reservoir Outflow,LNGO_090121,LNGO,9/1/2021,10:10,,NORM,12.5,0.97,4,,5.31,0.24,7.04,344.48,52.71,1.02,0.04,0.59,1.01,7.45,0.25,0.17,0.48,0,7.34,0.11,0.03,0.14,0.1,344.48,0.09,371.72,83.29,44.5,15.17,2.33,13,4.86,7.77,0,152.91,523.02,517.1,1040.12,0.57,514.68,165.54,349.14,OK,1.5,OK,53.5,
FCW 987,987,Peterson Reservoir Outflow,PTRO_090121,PTRO,9/1/2021,11:00,,NORM,13,2.53,3.7,,8.67,0.38,7,274,44.78,1.73,0.06,1.38,0.52,5.4,0.03,0.84,0.36,0,6.75,0.08,0.05,0.13,0.25,274,0.1,269.61,42.95,75.34,35.22,3.45,1.63,23.72,5.81,0,140.62,445.79,426.68,872.46,2.19,423.13,170.15,252.98,OK,4.28,OK,46.69,
FCW 988,988,Peterson Reservoir,PTRR_090121,PTRR,9/1/2021,11:30,,NORM,14,3.46,2.5,,8.23,0.4,6.87,196.75,40.47,1.68,0.08,1.38,0.55,5.23,0.03,0.86,0.39,0,7.23,0.09,0.06,0.15,0.25,196.75,0.14,260.88,45.09,73.21,35.4,4.25,1.69,24.14,6.28,0,150.45,379.32,418.96,798.27,-4.97,414.58,180.88,233.7,OK,8.01,OK,43.72,
FCW 989,989,Joe Wright Reservoir Inflow,JOEI_090121,JOEI,9/1/2021,12:15,,NORM,9,0.21,4,,4.93,0.27,7.35,470.45,65.03,1.78,0.03,0.48,1.54,8.4,0.14,0.29,0.58,0,7.8,0.13,0.02,0.16,0.11,470.45,0.04,419.36,127.05,77.6,12.33,1.72,7.26,8.15,9.39,0,162.47,657.72,638.1,1295.82,1.51,636.34,180,456.34,OK,1.35,OK,65.91,
FCW 990,990,Joe Wright Reservoir,JOER_090121,JOER,9/1/2021,12:40,,NORM,13,1.51,2.5,,6.21,0.19,7.21,387.54,47.32,1.48,0.02,0.6,1.12,6.31,0.08,0.48,0.04,0,3.71,0.01,0.02,0.02,0.16,387.54,0.06,314.82,92,64.46,15.33,1.17,4.44,13.57,0.56,0,77.2,483.32,487.85,971.16,-0.47,486.61,91.34,395.28,OK,2.43,OK,48.47,
FCW 991,991,Chambers Lake Inflow,CBRI_090121,CBRI,9/1/2021,13:05,,NORM,8,0.29,4,,6.83,0.21,7.12,442.21,53.21,1.98,0.03,0.82,1.1,6.98,0.05,0.66,0.09,0,3.45,0.02,0.03,0.05,0.16,442.21,0.08,348.4,90.68,86.27,21.03,1.85,2.86,18.7,1.52,0,71.87,537.17,548.31,1085.48,-1.03,546.38,92.1,454.28,OK,1.78,OK,54.15,
FCW 992,992,Barnes Meadow Reservoir Outflow,BMD_090121,BMD,9/1/2021,13:20,,NORM,7,1.23,13,,7.02,0.53,6.9,421.2,65.39,2.41,0.31,1.09,1.51,7.33,0.03,1.56,0.22,0,9.36,0.05,0.24,0.29,0.24,421.2,0.13,365.87,124.42,104.87,27.93,17.24,1.69,43.97,3.51,0,194.78,665.16,640.46,1305.62,1.89,623.09,242.26,380.83,OK,5.64,OK,69.08,
FCW 993,993,Barnes Meadow Reservoir Outflow,BMD_090121,BMD,9/1/2021,13:20,,BLANK,7,0.02,0.01,,0.05,0.01,5.51,3.97,1.46,0.01,0,0,0,0.02,0,0,0.01,0,0,0,0,0.01,0,3.97,3.1,1.05,0.09,0.35,0.1,0.22,0.23,0.13,0.15,0,0.04,4.51,4.91,9.42,-4.18,1.59,0.31,1.27,OK,-5.35,OK,1.38,
FCW 994,994,Barnes Meadow Reservoir,BRNR_090121,BRNR,9/1/2021,14:00,,NORM,15.5,2.6,4,,13.96,0.43,7.22,494.3,78.45,2.68,0.04,1.32,1.77,9.66,0.03,1.81,0.03,0,10.23,0.01,0.03,0.04,0.39,494.3,0.06,482.19,145.73,116.7,33.79,2.3,1.74,51.12,0.53,0,213.04,760.74,780.77,1541.5,-1.3,778.41,264.69,513.72,OK,2.99,OK,80.79,
FCW 995,995,Chambers Lake,CBRR_090121,CBRR,9/1/2021,15:00,,NORM,8,1.11,5,,6.55,0.26,7.02,341.2,43.21,1.55,0.06,0.92,1,5.51,0.07,0.45,0.04,0,3.54,0.01,0.04,0.05,0.2,341.2,0.1,275.05,81.88,67.56,23.61,3.05,3.5,12.75,0.7,0,73.71,431.86,451.24,883.09,-2.19,448.09,87.15,360.94,OK,3.01,OK,44.51,
FCW 996,996,Chambers Lake Outflow,CHD_090121,CHD,9/1/2021,15:10,,NORM,14,1.3,3,,6.49,0.24,7.02,355.4,44.31,1.59,0.04,0.94,1.07,5.4,0.04,0.54,0.06,0,3.41,0.01,0.03,0.05,0.2,355.4,0.1,269.61,87.72,69.25,24.14,2.4,2.32,15.32,0.9,0,70.98,444.92,453.22,898.13,-0.92,450.72,87.2,363.52,OK,2.03,OK,45.21,
FCW 997,997,Long Draw Reservoir,LNGR_090821,LNGR,9/8/2021,9:30,,NORM,12,1.07,6,,5.37,0.3,6.96,273.78,43.22,1.09,0.03,0.58,0.92,5.04,0.28,0.17,0.47,0,8.58,0.11,0.03,0.13,0.17,273.78,0.11,251.7,75.54,47.28,14.73,1.83,14.95,4.91,7.58,0,178.58,479.8,391.19,870.99,10.17,389.25,191.06,198.19,OK,5.75,OK,45.7,
FCW 998,998,Long Draw Reservoir Outflow,LNGO_090821,LNGO,9/8/2021,10:10,,NORM,11,1.2,7,,4.38,0.29,6.93,296.38,51.7,1.1,0.04,0.58,0.9,6.92,0.27,0.16,0.46,0,8.52,0.1,0.03,0.13,0.16,296.38,0.12,345.51,74.39,47.89,14.83,2.05,14.42,4.5,7.4,0,177.3,500.01,484.79,984.8,1.55,482.62,189.21,293.42,OK,-0.51,OK,51.44,
FCW 999,999,Peterson Reservoir Outflow,PTRO_090821,PTRO,9/8/2021,11:05,,NORM,15,1.98,10,,5.66,0.35,6.88,289.65,39.54,2.16,0.03,1.28,0.48,4.45,0.03,1.13,0.11,0,4.65,0.03,0.02,0.05,0.3,289.65,0.13,222.11,39.66,94.09,32.71,1.77,1.47,31.81,1.8,0,96.92,421.66,390.47,812.13,3.84,388.57,130.54,258.03,OK,7.71,OK,42.59,
FCW 1000,1000,Peterson Reservoir,PTRR_090821,PTRR,9/8/2021,11:30,,NORM,16,1.59,9.8,,7.14,0.46,6.8,186.51,37.03,1.68,0.04,1.31,0.44,3.85,0.03,1.02,0.08,0,7.63,0.02,0.03,0.05,0.41,186.51,0.16,192.07,36.37,72.95,33.58,2.22,1.37,28.8,1.21,0,158.79,376.69,337.34,714.03,5.51,334.96,188.8,146.16,OK,6.85,OK,39.57,
FCW 1001,1001,Peterson Reservoir,PTRR_090821,PTRR,9/8/2021,11:30,,DUPLICATE,16,1.51,9.9,,7.11,0.46,6.81,183.82,37.41,1.72,0.08,1.35,0.46,3.93,0.03,1.06,0.09,0,7.74,0.02,0.06,0.08,0.38,183.82,0.16,196.26,37.93,74.6,34.48,4.32,1.42,29.94,1.49,0,161.13,377.8,347.75,725.55,4.14,343.27,192.56,150.7,OK,7.77,OK,40.32,
FCW 1002,1002,Joe Wright Reservoir Inflow,JOEI_090821,JOEI,9/8/2021,12:50,,NORM,11,0.14,3,,4.1,0.18,7.09,647.17,68.14,2.67,0.01,0.62,1.23,7.38,0.12,1.39,0.22,0,4.11,0.05,0.01,0.06,0.12,647.17,0.08,368.11,101.13,116.18,15.73,0.61,6.21,39.2,3.54,0,85.58,781.7,601.85,1383.55,13,601.16,128.32,472.83,OK,0.19,OK,68.27,pH and ions confirmed
FCW 1003,1003,Joe Wright Reservoir,JOER_090821,JOER,9/8/2021,13:15,,NORM,12,1.21,3.5,,4.57,0.19,6.97,373.4,50.97,1.49,0,0.64,1.36,7.02,0.11,0.48,0.03,0,3.91,0.01,0,0.01,0.18,373.4,0.11,350.35,111.91,64.64,16.42,0,5.53,13.4,0.54,0,81.46,474.32,543.43,1017.74,-6.79,543.32,95.39,447.93,OK,-0.07,OK,50.93,
FCW 1004,1004,Chambers Lake Inflow,CBRI_090821,CBRI,9/8/2021,13:45,,NORM,,0.37,3.4,,4.34,0.23,6.99,441.15,53.77,2.12,0.01,0.89,1.29,7.52,0.08,0.7,0.1,0,2.92,0.02,0.01,0.03,0.2,441.15,0.1,375.4,106.07,92.04,22.66,0.67,4.11,19.82,1.55,0,60.71,527.34,596.94,1124.28,-6.19,596.17,82.08,514.09,OK,3.85,OK,55.84,
FCW 1005,1005,Barnes Meadow Reservoir Outflow,BMD_090821,BMD,9/8/2021,14:05,,NORM,,4.82,14,,7.85,0.6,6.86,408.09,62.84,2.497,0.3258,1.088,1.177,6.374,0.03,1.7014,0.0858,0,8.5733,0.02,0.25,0.27,0.33,408.09,0.14,318.06,96.85,108.61,27.83,18.06,1.58,47.99,1.38,0,178.5,637.55,569.56,1207.1,5.63,551.36,227.88,323.48,OK,1.8,OK,63.97,
FCW 1006,1006,Barnes Meadow Reservoir,BRNR_090821,BRNR,9/8/2021,14:30,,NORM,,2.36,8,,11.86,0.42,6.98,425.66,72.15,2.61,0.302,1.291,1.0568,9.738,0.036,1.6694,0.0787,0.0871,8.5896,0.02,0.23,0.25,0.17,425.66,0.11,485.93,86.96,113.57,33.02,16.74,1.89,47.09,1.27,0.92,178.84,655.67,736.33,1392,-5.79,719.48,227.2,492.28,OK,1.82,OK,73.46,
FCW 1007,1007,Chambers Lake,CBRR_090821,CBRR,9/8/2021,15:00,,NORM,,0.98,5.1,,6.65,0.2,6.98,382.51,61.43,1.66,0.011,1.307,1.642,10.32,0.063,1.7024,0.0322,0,3.4,0.01,0.01,0.02,0.18,382.51,0.1,514.97,135.12,71.99,33.43,0.61,3.32,48.02,0.52,0,70.83,505.2,756.22,1261.42,-19.9,755.5,119.37,636.13,OK,4.95,OK,64.47,
FCW 1008,1008,Chambers Lake Outflow,CHD_090821,CHD,9/8/2021,15:30,,NORM,,1.38,5.6,,5.59,0.19,6.93,402.33,45.38,1.61,0.008,0.878,1.19,5.176,0.0322,0.5664,0.1144,0,3.2505,0.03,0.01,0.03,0.16,402.33,0.12,258.28,97.92,69.81,22.46,0.44,1.69,15.98,1.85,0,67.68,489.52,449.04,938.56,4.31,448.48,85.5,362.98,OK,3.12,OK,46.79,
FCW 1045,1045,Long Draw Reservoir,LNGR_091521,LNGR,9/15/2021,9:30,,NORM,,1.49,5.2,,4.56,0.3,7.03,294.03,48.97,1.23,0.05,0.68,0.84,5.54,0.27,0.18,0.42,0,8.8,0.09,0.04,0.13,0.17,294.03,0.09,276.2,69.42,53.55,17.39,2.83,14.37,5.02,6.75,0,183.3,503.48,419.47,922.95,9.1,416.55,195.08,221.47,OK,-1.12,OK,48.43,
FCW 1046,1046,Long Draw Reservoir Outflow,LNGO_091521,LNGO,9/15/2021,10:10,,NORM,,1.8,6.7,,3.89,0.24,7.05,292.56,49.26,1.17,0.03,0.66,0.85,6.03,0.27,0.18,0.39,0,8.76,0.09,0.02,0.11,0.14,292.56,0.09,301.05,70.19,50.76,16.8,1.55,14.37,4.97,6.25,0,182.47,500.61,440.45,941.06,6.39,438.8,193.69,245.12,OK,0.11,OK,49.31,
FCW 1047,1047,Peterson Reservoir Outflow,PTRO_091521,PTRO,9/15/2021,11:05,,NORM,,1.64,13.5,,4.21,0.31,7.18,338.97,47.43,2.52,0.13,1.45,0.55,4.72,0.05,1.17,0.16,0,4.23,0.04,0.1,0.13,0.18,338.97,0.07,235.33,45.09,109.57,37.14,6.93,2.84,33.12,2.58,0,88.16,465.68,434.13,899.8,3.51,427.13,123.86,303.27,OK,-1.65,OK,46.65,
FCW 1048,1048,Peterson Reservoir,PTRR_091521,PTRR,9/15/2021,11:45,,NORM,,1.03,9,,4.81,0.43,6.95,200.06,39.13,1.86,0.13,1.45,0.56,3.2,0.03,1.16,0.12,0,7.91,0.03,0.1,0.13,0.3,200.06,0.11,159.58,46.25,80.86,37.01,7.21,1.58,32.61,1.93,0,164.78,400.96,331.02,731.97,9.55,323.7,199.31,124.39,OK,3.98,OK,40.69,
FCW 1049,1049,Joe Wright Reservoir Inflow,JOEI_091521,JOEI,9/15/2021,12:30,,NORM,,0.16,2.5,,4,0.12,7.63,644.45,71.18,3.24,0.01,0.75,1.69,7.01,0.1,1.98,0.16,0,3.36,0.04,0.01,0.05,0.07,644.45,0.02,349.65,138.65,141.02,19.16,0.78,5.21,55.81,2.51,0,70,777.98,649.28,1427.26,9.02,648.48,128.32,520.16,OK,-1,OK,70.47,pH and ions confirmed
FCW 1050,1050,Joe Wright Reservoir,JOER_091521,JOER,9/15/2021,12:50,,NORM,,1.75,4.1,,3.27,0.16,7.16,370.39,52.16,1.57,0.05,0.74,1.53,7,0.1,0.52,0.04,0,3.98,0.01,0.03,0.04,0.11,370.39,0.07,349.05,125.98,68.38,18.88,2.49,5.26,14.57,0.7,0,82.96,473.87,564.85,1038.72,-8.76,562.29,98.22,464.07,OK,-0.06,OK,52.13,
FCW 1051,1051,Chambers Lake Inflow,CBRI_091521,CBRI,9/15/2021,13:15,,NORM,,0.58,5.5,,4.51,0.21,7.15,345.49,48.1,1.58,0.01,0.76,1.4,6.45,0.08,0.64,0.22,0,3.37,0.05,0.01,0.06,0.15,345.49,0.07,321.96,115.2,68.77,19.36,0.78,4.26,18.16,3.54,0,70.15,441.6,526.14,967.74,-8.74,525.29,91.84,433.45,OK,1.1,OK,48.63,
FCW 1052,1052,Chambers Lake Inflow,CBRI_091521,CBRI,9/15/2021,13:15,,DUPLICATE,,0.53,4,,4.44,0.21,7.13,353.04,47.7,1.6,0.01,0.77,1.4,6.53,0.08,0.68,0.24,0,3.38,0.05,0.01,0.06,0.15,353.04,0.07,325.85,114.79,69.42,19.57,0.5,4.21,19.07,3.82,0,70.45,450.58,530.2,980.78,-8.12,529.63,93.33,436.29,OK,3.31,OK,49.28,
FCW 1053,1053,Barnes Meadow Reservoir Outflow,BMD_091521,BMD,9/15/2021,13:40,,NORM,,1.16,10,,6.53,0.58,7.05,407.25,64.67,2.53,0.38,1.44,1.17,6.64,0.05,1.69,0.17,0,7.93,0.04,0.3,0.34,0.25,407.25,0.09,331.49,96.39,110.01,36.75,21.23,2.68,47.73,2.72,0,165.03,625.41,595.96,1221.37,2.41,574.64,215.47,359.16,OK,-0.01,OK,64.66,
FCW 1054,1054,Barnes Meadow Reservoir,BRNR_091521,BRNR,9/15/2021,14:00,,NORM,,3.2,5.4,,6.29,0.31,7.27,457.45,73.96,2.62,0,1.39,1.08,9,0.06,1.72,0.01,0,11.09,0,0,0,0.3,457.45,0.05,449.2,88.46,114.01,35.42,0,3,48.55,0.15,0,230.9,740.05,687.14,1427.19,3.71,687.09,279.6,407.5,OK,2.3,OK,75.66,
FCW 1055,1055,Chambers Lake,CBRR_091521,CBRR,9/15/2021,14:25,,NORM,,1.08,5.8,,5.66,0.2,7.24,379.9,42.71,1.72,0.04,0.93,1.01,4.2,0.07,0.87,0.1,0,3.32,0.02,0.03,0.06,0.14,379.9,0.06,209.73,82.95,74.6,23.66,2.44,3.74,24.51,1.56,0,69.17,478.88,393.43,872.31,9.8,390.93,95.24,295.7,OK,2.48,OK,43.77,
FCW 1056,1056,Chambers Lake Outflow,CHD_091521,CHD,9/15/2021,14:40,,NORM,,1.37,3.8,,4.55,0.2,7.27,411.76,52.83,1.73,0,0.95,1.08,5.47,0.07,0.59,0.07,0,3.3,0.02,0,0.02,0.18,411.76,0.05,272.95,89.04,75.16,24.3,0.11,3.58,16.77,1.18,0,68.72,502.01,461.62,963.62,4.19,461.45,86.67,374.79,OK,-9.17,OK,47.99,
FCW 1063,1063,Comanche Reservoir Inflow,COMI_092121,COMI,9/21/2021,8:46,,NORM,,0.17,2.1,,2.34,0.19,6.95,211.21,28.83,2.06,0.02,0.38,0.61,3.14,0.02,0.4,0.49,0,1.96,0.11,0.01,0.13,0.06,211.21,0.11,156.89,49.95,89.61,9.77,1,1.16,11.41,7.96,0,40.85,272.59,307.32,579.91,-5.99,306.21,60.23,245.98,OK,1.44,OK,29.25,
FCW 1064,1064,Comanche Reservoir,COMR_092121,COMR,9/21/2021,9:11,,NORM,,0.68,10.1,,1.96,0.17,7.32,376.72,35.7,2.34,0.02,0.47,0.46,2.56,0.03,0.46,0.15,0,2.47,0.03,0.02,0.05,0.12,376.72,0.05,127.69,37.69,101.7,12,1.28,1.63,13.02,2.43,0,51.41,445.21,280.4,725.61,22.71,279.08,66.86,212.21,OK,-0.32,OK,35.59,
FCW 1065,1065,Hourglass Reservoir Inflow,HORI_092121,HORI,9/21/2021,9:25,,NORM,,0.18,2.1,,1.04,0.26,6.57,142.36,19.34,1.51,0.03,0.36,0.33,1.65,0.02,0.25,0.6,0,1.48,0.13,0.02,0.16,0.1,142.36,0.27,82.39,26.99,65.81,9.08,1.66,0.97,7.15,9.62,0,30.8,190.9,186.2,377.1,1.25,184.27,47.57,136.7,OK,-0.32,OK,19.28,
FCW 1066,1066,Comanche Reservoir Outflow,COMO_092121,COMO,9/21/2021,9:35,,NORM,,2.68,10,,2.45,0.24,6.74,253.07,35.43,2.32,0.01,0.49,0.64,3.95,0.03,0.45,0.21,0,2.36,0.05,0.01,0.06,0.18,253.07,0.18,197.26,52.33,100.7,12.4,0.67,1.47,12.58,3.34,0,49.17,319.64,363.54,683.18,-6.43,362.69,65.09,297.6,OK,-3.04,OK,34.35,
FCW 1067,1067,Hourglass Reservoir,HORR_092121,HORR,9/21/2021,10:00,,NORM,,3.02,3.5,,1.51,0.16,6.57,160.61,19.82,1.38,0.01,0.38,0.27,1.64,0.04,0.21,0.13,0,1.62,0.03,0.01,0.04,0.12,160.61,0.27,81.99,22.55,59.94,9.64,0.72,2.32,5.85,2.13,0,33.81,204.71,175.1,379.81,7.8,174.11,41.79,132.33,OK,-3.67,OK,19.09,
FCW 1068,1068,Hourglass Reservoir Outflow,HORO_092121,HORO,9/21/2021,10:23,,NORM,,2.69,3.1,,0.99,0.16,6.59,164.89,19.83,1.37,0.04,0.39,0.38,1.85,0.04,0.22,0.15,0,1.64,0.03,0.03,0.06,0.09,164.89,0.26,92.47,31.52,59.77,9.92,2.27,2.26,6.08,2.35,0,34.05,209.64,196.2,405.84,3.31,193.67,42.48,151.19,OK,2.96,OK,20.42,
FCW 1085,1085,Long Draw Reservoir,LNGR_092221,LNGR,9/22/2021,9:10,,NORM,,2.27,5.5,4,4.31,0.28,6.97,309.51,48.47,1.21,0.03,0.65,0.9,5.66,0.27,0.17,0.31,0,8.41,0.07,0.03,0.1,0.19,309.51,0.11,282.39,73.98,52.55,16.62,1.83,14.16,4.75,4.98,0,175.1,508.5,427.47,935.97,8.66,425.53,184.83,240.7,OK,0.52,OK,48.73,
FCW 1086,1086,Long Draw Reservoir Outflow,LNGO_092221,LNGO,9/22/2021,9:45,,NORM,,2.57,6,3.4,3.77,0.23,6.96,309.08,49.74,1.23,0.06,0.64,0.87,6.41,0.27,0.18,0.3,0,8.44,0.07,0.04,0.11,0.12,309.08,0.11,319.66,71.43,53.68,16.34,3.1,14.32,5.15,4.83,0,175.78,509.15,464.32,973.47,4.61,461.11,185.76,275.35,OK,1.99,OK,50.73,
FCW 1087,1087,Long Draw Reservoir Outflow,LNGO_092221,LNGO,9/22/2021,9:45,,DUPLICATE,,2.55,6.5,3.6,3.74,0.21,6.98,319.32,49.38,1.23,0.05,0.64,0.82,6.26,0.27,0.21,0.3,0,8.47,0.07,0.04,0.11,0.1,319.32,0.11,312.43,67.48,53.55,16.34,2.88,14.26,5.81,4.84,0,176.39,520.62,452.78,973.4,6.97,449.79,187.04,262.75,OK,2.63,OK,50.68,
FCW 1088,1088,Peterson Reservoir Outflow,PTRO_092221,PTRO,9/22/2021,10:45,,NORM,,3.55,10.5,5.2,4.06,0.32,7.04,338.97,42.77,2.6,0.06,1.41,0.47,3.68,0.06,1.33,0.13,0,3.75,0.03,0.05,0.07,0.25,338.97,0.09,183.83,38.35,113.18,36.06,3.27,2.89,37.59,2.07,0,78.08,459.6,374.78,834.38,10.16,371.42,117.74,253.69,OK,0.73,OK,43.08,
FCW 1089,1089,Peterson Reservoir,PTRR_092221,PTRR,9/22/2021,11:00,,NORM,,1.12,7.4,17.8,4.73,0.52,6.8,200.15,37.59,1.79,0.13,1.43,0.52,3.12,0.03,1.07,0.12,0,7.84,0.03,0.1,0.13,0.4,200.15,0.16,155.69,42.38,77.64,36.5,7.15,1.63,30.21,1.87,0,163.32,397.19,319.52,716.7,10.84,312.21,195.4,116.81,OK,5.98,OK,39.84,
FCW 1090,1090,Joe Wright Reservoir Inflow,JOEI_092221,JOEI,9/22/2021,11:30,,NORM,,0.1,2.3,6.6,4.05,0.13,7.33,691.02,71.48,3.34,0.02,0.66,1.65,6.98,0.09,2.12,0.2,0,3.22,0.04,0.02,0.06,0.07,691.02,0.05,348.05,135.61,145.46,16.91,1.11,4.9,59.69,3.16,0,67.06,825.83,647.18,1473.01,12.13,646.03,129.92,516.11,OK,1.43,OK,72.5,pH and ions confirmed
FCW 1091,1091,Joe Wright Reservoir,JOER_092221,JOER,9/22/2021,12:00,,NORM,,1.77,2.8,1.6,3.34,0.15,7.05,355.97,49.47,1.55,0.01,0.67,1.45,7.06,0.1,0.51,0.06,0,3.99,0.01,0,0.02,0.14,355.97,0.09,352.05,119.23,67.33,17.03,0.33,5.32,14.34,1.03,0,83.14,459.8,556.07,1015.87,-9.48,555.65,98.51,457.14,OK,3.14,OK,51.03,
FCW 1092,1092,Chambers Lake Inflow,CBRI_092221,CBRI,9/22/2021,12:30,,NORM,,0.92,4,1.6,4.61,0.2,7.02,334.98,46.96,1.58,0.01,0.71,1.33,6.56,0.08,0.63,0.21,0,3.38,0.05,0.01,0.06,0.15,334.98,0.1,327.3,109.69,68.55,18.11,0.67,4.32,17.73,3.34,0,70.28,430.65,524.41,955.05,-9.82,523.65,91.35,432.29,OK,2.33,OK,48.06,
FCW 1093,1093,Barnes Meadow Reservoir Outflow,BMD_092221,BMD,9/22/2021,12:55,,NORM,,0.96,6.6,4.6,6.96,0.57,7,317.14,51.09,2.39,0.34,1.18,1.09,4.31,0.07,1.91,0.06,0,6.53,0.01,0.26,0.28,0.29,317.14,0.1,214.87,89.94,104.13,30.18,18.9,3.42,53.87,0.9,0,136.05,511.39,458.13,969.51,5.49,439.12,190.82,248.3,OK,1.23,OK,51.72,
FCW 1094,1094,Barnes Meadow Reservoir,BRNR_092221,BRNR,9/22/2021,13:15,,NORM,,3.47,4,2.6,7.6,0.3,7.12,440.88,75.08,2.52,0.02,1.26,1.1,8.82,0.05,1.82,0,0,11.06,0,0.02,0.02,0.29,440.88,0.08,439.87,90.35,109.66,32.3,1.11,2.84,51.42,0.02,0,230.21,725.38,673.37,1398.74,3.72,672.18,281.65,390.53,OK,-0.97,OK,74.35,
FCW 1095,1095,Chambers Lake,CBRR_092221,CBRR,9/22/2021,13:45,,NORM,,0.91,3.6,1.6,5.51,0.18,7.13,393.6,43.34,1.6,0.02,0.83,0.99,4.04,0.07,0.63,0.04,0,3.48,0.01,0.02,0.03,0.16,393.6,0.07,201.8,81.05,69.42,21.28,1.11,3.74,17.8,0.68,0,72.46,488.28,374.73,863.01,13.16,373.55,90.94,282.61,OK,-0.76,OK,43.01,
FCW 1096,1096,Chambers Lake Outflow,CHD_092221,CHD,9/22/2021,14:10,,NORM,,1.47,3.5,1,4.31,0.18,7.07,386.35,43.05,1.62,0.06,0.84,1,5.21,0.07,0.64,0,0,3.63,0,0.04,0.05,0.14,386.35,0.09,260.18,81.88,70.29,21.48,3.16,3.84,18.15,0.07,0,75.58,484,437.08,921.07,5.09,433.83,93.8,340.03,OK,7.3,OK,46.19,
FCW 1097,1097,Long Draw Reservoir,LNGR_092821,LNGR,9/28/2021,9:45,,NORM,,1.69,5.9,1.8,4.29,0.3,6.97,293.01,45.88,1.15,0.06,0.61,0.9,5.12,0.29,0.24,0.2,0,8.32,0.05,0.05,0.09,0.21,293.01,0.11,255.64,73.89,49.89,15.63,3.49,15.11,6.74,3.25,0,173.29,491.4,398.65,890.05,10.42,395.05,183.28,211.77,OK,1.2,OK,46.43,
FCW 1098,1098,Long Draw Reservoir Outflow,LNGO_092821,LNGO,9/28/2021,10:05,,NORM,,1.97,10.6,3.4,3.55,0.19,7,311.06,46.46,1.13,0.05,0.61,0.83,5.7,0.29,0.21,0.19,0,8.39,0.04,0.03,0.08,0.12,311.06,0.1,284.38,68.36,48.93,15.58,2.49,15.26,5.8,3.07,0,174.68,509.88,419.85,929.73,9.68,417.26,183.56,233.7,OK,4.05,OK,48.34,
FCW 1099,1099,Peterson Reservoir Outflow,PTRO_092821,PTRO,9/28/2021,11:00,,NORM,,3.25,11.5,16.4,4.06,0.31,7.12,335.4,42.07,2.6,0.09,1.3,0.47,3.53,0.05,1.33,0.02,0.03,3.79,0,0.07,0.08,0.23,335.4,0.08,175.95,38.35,113.14,33.25,5.21,2.53,37.49,0.3,0.33,78.86,454.9,365.97,820.87,10.83,360.68,116.65,244.03,OK,0.7,OK,42.37,NO3 Confirmed
FCW 1100,1100,Peterson Reservoir,PTRR_092821,PTRR,9/28/2021,11:15,,NORM,,0.8,9.3,77.4,5.22,0.49,6.77,181.45,39.35,1.68,0.13,1.33,0.53,3.95,0.05,1.05,0.09,0,7.93,0.02,0.1,0.12,0.37,181.45,0.17,197.26,43.45,73.21,33.89,7.04,2.47,29.54,1.45,0,165.02,379.93,355.01,734.94,3.39,347.8,196,151.79,OK,3.85,OK,40.86,
FCW 1101,1101,Joe Wright Reservoir Inflow,JOEI_092821,JOEI,9/28/2021,12:05,,NORM,,0.5,2,1.9,3.89,0.14,7.49,713.06,68.41,3.64,0.03,0.62,1.49,6.14,0.1,1.97,0.1,0,2.76,0.02,0.02,0.04,0.1,713.06,0.03,306.54,122.28,158.37,15.96,1.44,5.42,55.66,1.55,0,57.38,833.08,604.62,1437.7,15.89,603.15,114.59,488.56,OK,2.54,OK,70.15,pH and ions confirmed
FCW 1102,1102,Joe Wright Reservoir,JOER_092821,JOER,9/28/2021,12:30,,DUPLICATE,,1.42,2.2,3.4,3.45,0.16,7,363.18,51.42,1.4,0.02,0.64,1.43,6.99,0.1,0.47,0.01,0,3.84,0,0.02,0.02,0.14,363.18,0.1,348.8,118,60.94,16.27,1.16,5.26,13.26,0.22,0,80.05,461.97,545.27,1007.24,-8.27,544.01,93.53,450.48,OK,-1.9,OK,50.45,
FCW 1103,1103,Joe Wright Reservoir,JOER_092821,JOER,9/28/2021,12:30,,NORM,,1.45,2.5,3,3.51,0.15,6.98,361.96,50.49,1.43,0.02,0.64,1.41,6.93,0.1,0.51,0.01,0,3.85,0,0.01,0.01,0.14,361.96,0.11,345.61,115.86,62.07,16.34,0.94,5.32,14.26,0.1,0,80.19,461.82,540.93,1002.75,-7.89,539.88,94.55,445.34,OK,-0.47,OK,50.25,
FCW 1104,1104,Chambers Lake Inflow,CBRI_092821,CBRI,9/28/2021,13:00,,NORM,,1.18,3.6,0.2,4.33,0.18,6.98,343.68,48.86,1.46,0.03,0.68,1.34,6.72,0.08,0.58,0.15,0,3.36,0.03,0.02,0.05,0.13,343.68,0.1,335.33,110.35,63.46,17.47,1.5,4.37,16.27,2.34,0,69.9,436.56,528.21,964.77,-9.5,526.61,88.51,438.1,OK,-0.85,OK,48.44,
FCW 1105,1105,Barnes Meadow Reservoir Outflow,BMD_092821,BMD,9/28/2021,13:30,,NORM,,2.05,9.3,6.6,6.11,0.6,7.03,349.87,56.95,2.4,0.28,1.29,1.07,5.01,0.05,1.74,0.04,0,7.73,0.01,0.22,0.23,0.37,349.87,0.09,250.1,87.97,104.22,32.97,15.47,2.53,49.13,0.69,0,160.9,563.13,490.82,1053.94,6.86,475.25,210.73,264.53,OK,-1.28,OK,56.22,
FCW 1106,1106,Barnes Meadow Reservoir,BRNR_092821,BRNR,9/28/2021,13:45,,NORM,,3.1,3.2,3.6,7.33,0.3,7.18,457.34,68.84,2.65,0.02,1.32,1.01,8.11,0.05,1.95,0.02,0,11.2,0,0.02,0.02,0.28,457.34,0.07,404.74,82.78,115.14,33.84,1.22,2.84,54.96,0.33,0,233.22,748.68,637.78,1386.47,8,636.5,288.5,347.99,OK,7.18,OK,73.78,
FCW 1107,1107,Chambers Lake,CBRR_092821,CBRR,9/28/2021,14:10,,NORM,,0.72,5,7.6,5.22,0.17,7.08,391.67,43.46,1.57,0.04,0.83,0.93,4.43,0.07,0.61,0.01,0,3.58,0,0.03,0.04,0.14,391.67,0.08,221.26,76.75,68.29,21.18,2.38,3.84,17.32,0.14,0,74.59,487.56,389.94,877.5,11.12,387.48,92.05,295.43,OK,0.9,OK,43.85,
FCW 1108,1108,Chambers Lake Outflow,CHD_092821,CHD,9/28/2021,14:25,,NORM,,1.15,3.1,1.6,4.22,0.19,7.02,402.75,42.77,1.6,0.03,0.85,0.95,4.46,0.07,0.61,0.02,0,3.61,0.01,0.02,0.03,0.16,402.75,0.1,222.55,77.93,69.77,21.71,1.66,3.74,17.28,0.38,0,75.06,499.21,393.72,892.94,11.81,391.97,92.72,299.24,OK,4.2,OK,44.57,
FCW 1164,1164,Long Draw Reservoir,LNGR_101321,LNGR,10/13/2021,,,NORM,,2.18,12,,4.31,0.27,6.98,290.69,44.06,1.22,0.02,0.61,0.82,4.93,0.26,0.23,0.21,0,7.66,0.05,0.02,0.07,0.2,290.69,0.1,245.91,67.15,53.02,15.5,1.33,13.9,6.42,3.4,0,159.58,473.99,383.01,857,10.62,381.58,169.4,212.18,OK,1.01,OK,44.5,
FCW 1165,1165,Long Draw Reservoir Outflow,LNGO_101321,LNGO,10/13/2021,,,NORM,,1.05,14,,3.41,0.2,7.01,329.23,46.64,1.74,0.09,0.77,0.99,5.27,0.22,0.35,0.15,0,6.41,0.03,0.07,0.1,0.1,329.23,0.1,263.12,81.79,75.86,19.77,4.82,11.63,9.94,2.45,0,133.38,486.63,445.47,932.1,4.42,440.55,145.77,294.78,OK,2.45,OK,47.78,Salt contamination?
FCW 1166,1166,Peterson Reservoir Outflow,PTRO_101321,PTRO,10/13/2021,,,NORM,,2.35,9.5,,3.96,0.3,7.07,285.02,37.69,2.47,0.03,1.31,0.44,3.22,0.04,1.33,0.26,0,3.42,0.06,0.02,0.08,0.22,285.02,0.09,160.78,36.54,107.44,33.43,1.72,2.11,37.44,4.24,0,71.26,400.08,339.99,740.06,8.12,338.18,112.95,225.23,OK,2.22,OK,38.52,
FCW 1167,1167,Peterson Reservoir,PTRR_101321,PTRR,10/13/2021,,,NORM,,1.53,11,,5.41,0.47,6.89,192.31,39.53,1.73,0.12,1.31,0.51,3.51,0.04,1.08,0.13,0,7.82,0.03,0.09,0.12,0.35,192.31,0.13,175.3,42.13,75.38,33.58,6.43,2.32,30.44,2.08,0,162.75,389.9,332.95,722.86,7.88,326.39,195.28,131.12,OK,1.48,OK,40.11,
FCW 1168,1168,Joe Wright Reservoir Inflow,JOEI_101321,JOEI,10/13/2021,,,NORM,,0.29,1.3,1.6,3.77,0.15,7.27,549.03,67.64,2.41,0.01,0.65,1.32,6.56,0.12,1.37,0.56,0,7.54,0.13,0,0.13,0.02,549.03,0.05,327.5,108.62,104.66,16.57,0.28,6.05,38.52,9.01,0,157.06,759.68,557.67,1317.35,15.33,557.34,204.59,352.75,OK,-0.77,OK,67.12,pH and ions confirmed
FCW 1169,1169,Joe Wright Reservoir,JOER_101321,JOER,10/13/2021,,,NORM,,2.78,4.5,,3.23,0.15,7.18,394.35,51.46,1.5,0.01,0.63,1.44,6.59,0.09,0.57,0.01,0,3.87,0,0,0.01,0.14,394.35,0.07,328.69,118.41,65.29,16.14,0.28,4.84,15.98,0.15,0,80.63,495.95,528.88,1024.82,-3.21,528.53,96.76,431.77,OK,-0.6,OK,51.15,
FCW 1170,1170,Chambers Lake Inflow,CBRI_101321,CBRI,10/13/2021,,,NORM,,1.58,3.9,,3.96,0.18,7.22,471.8,60.74,2.29,0.03,0.85,1.47,7.59,0.08,1.1,0.06,0,3.37,0.01,0.02,0.03,0.14,471.8,0.06,378.84,120.72,99.57,21.84,1.44,4.11,30.98,1.02,0,70.08,577.98,622.47,1200.45,-3.71,620.97,102.08,518.89,OK,-1.43,OK,59.87,Possible salt contamination?
FCW 1171,1171,Barnes Meadow Reservoir Outflow,BMD_101321,BMD,10/13/2021,,,NORM,,1.97,10.5,,5.98,0.57,7.2,372.75,62.07,2.54,0.21,1.29,1.07,5.75,0.05,1.8,0,0,10.81,0,0.16,0.16,0.41,372.75,0.06,286.78,88.13,110.53,32.87,11.75,2.42,50.75,0.02,0,225.09,651.04,530.12,1181.15,10.24,518.3,275.86,242.44,OK,2.74,OK,63.77,
FCW 1172,1172,Barnes Meadow Reservoir,BRNR_101321,BRNR,10/13/2021,,,NORM,,4.6,5,,7.09,0.34,7.24,476.04,74.96,2.61,0.03,1.27,1.09,8.05,0.07,1.87,0.01,0,10.62,0,0.02,0.02,0.32,476.04,0.06,401.5,89.69,113.44,32.35,1.44,3.74,52.82,0.15,0,221.12,753.87,638.49,1392.35,8.29,636.99,274.09,362.9,OK,-1.9,OK,73.54,
FCW 1173,1173,Barnes Meadow Reservoir,BRNR_101321,BRNR,10/13/2021,,,DUPLICATE,,4.49,7,,7.11,0.34,7.23,453.94,71.26,2.57,0.03,1.28,1.09,7.95,0.04,1.86,0.03,0,10.61,0.01,0.02,0.03,0.31,453.94,0.06,396.76,89.28,111.83,32.66,1.55,2.32,52.43,0.45,0,220.82,729.95,632.14,1362.1,7.18,630.53,273.7,356.83,OK,1.37,OK,72.23,
FCW 1174,1174,Chambers Lake,CBRR_101321,CBRR,10/13/2021,,,NORM,,1.61,35.8,,4.99,0.18,7.23,425.54,43.81,1.65,0.01,0.82,0.93,3.95,0.08,0.68,0.02,0,3.85,0.01,0.01,0.02,0.16,425.54,0.06,197.31,76.77,71.64,20.97,0.78,4.32,19.06,0.38,0,80.07,529.36,367.53,896.89,18.04,366.69,99.51,267.19,OK,1.9,OK,44.64,
FCW 1175,1175,Chambers Lake Outflow,CMD_101321,CHD,10/13/2021,,,NORM,,2.23,6.9,,3.87,0.18,7.2,414.3,44.97,1.74,0.04,0.82,0.87,4.23,0.1,0.82,0.02,0,3.87,0,0.03,0.03,0.15,414.3,0.06,211.08,71.18,75.56,20.87,1.94,5,23,0.36,0,80.5,523.16,380.69,903.84,15.76,378.68,103.85,274.83,OK,0.53,OK,45.21,
FCW 1207,1207,Joe Wright Reservoir Inflow,JOEI_102621,JOEI,10/26/2021,9:15,,NORM,,0.28,1.5,,4.14,0.24,7.12,582.73,64.39,2.24,0.01,0.65,1.07,4.95,0.18,0.92,0.68,0,9.47,0.15,0.01,0.16,0.08,582.73,0.08,246.81,88.29,97.35,16.65,0.67,9.69,26.08,10.9,0,197.24,826.63,449.84,1276.47,29.52,449.1,234.21,214.89,OK,1.22,OK,65.18,
FCW 1208,1208,Joe Wright Reservoir Inflow,JOEI_102621,JOEI,10/26/2021,9:15,,DUPLICATE,,0.26,1.5,,4.02,0.23,7.12,593.54,65.59,2.26,0,0.65,1.09,4.93,0.17,0.92,0.67,0,9.44,0.15,0,0.15,0.08,593.54,0.08,245.98,90.02,98.17,16.68,0.17,8.79,26.06,10.73,0,196.55,835.67,451.1,1286.77,29.89,450.86,233.34,217.52,OK,0.07,OK,65.63,
FCW 1209,1209,Joe Wright Reservoir,JOER_102621,JOER,10/26/2021,9:45,,NORM,,2.24,4,,4.01,0.14,6.99,423.31,50.32,1.52,0.01,0.69,1.42,6.27,0.15,0.56,0.05,0,3.93,0.01,0.01,0.02,0.13,423.31,0.1,312.72,116.56,66.16,17.6,0.39,8,15.82,0.87,0,81.89,529.89,513.53,1043.42,1.57,513.04,98.58,414.46,OK,2.94,OK,51.8,
FCW 1210,1210,Chambers Lake Inflow,CBRI_102621,CBRI,10/26/2021,10:15,,NORM,,1.22,3.5,,4.67,0.2,7.24,541.29,60.19,2.3,0.01,0.93,1.38,6.18,0.08,1.06,0.3,0,3.66,0.07,0.01,0.08,0.13,541.29,0.06,308.26,113.47,100.13,23.71,0.78,4.26,29.86,4.78,0,76.16,656.35,546.41,1202.76,9.14,545.57,110.8,434.78,OK,-0.94,OK,59.63,
FCW 1211,1211,Barnes Meadow Reservoir Outflow,BMD_102621,BMD,10/26/2021,10:35,,NORM,,1.01,15,,7.46,0.38,6.99,518.47,66.97,2.57,0.03,1.36,0.84,5.38,0.07,1.79,0.15,0,11.25,0.03,0.02,0.06,0.32,518.47,0.1,268.51,69.2,111.61,34.71,1.72,3.74,50.37,2.36,0,234.19,809.12,485.86,1294.98,24.96,484.04,286.92,197.12,OK,2.33,OK,68.54,
FCW 1212,1212,Barnes Meadow Reservoir,BRNR_102621,BRNR,10/26/2021,11:15,,NORM,,3.34,4,,7.58,0.34,7.08,523.99,71.34,2.55,0.02,1.35,0.85,6.45,0.05,1.77,0.01,0,11.03,0,0.01,0.01,0.33,523.99,0.08,321.88,69.62,110.7,34.58,0.94,2.58,50.02,0.11,0,229.69,806.39,537.8,1344.19,19.98,536.78,279.82,256.95,OK,-0.55,OK,70.94,
FCW 1213,1213,Chambers Lake,CBRR_102621,CBRR,10/26/2021,11:45,,NORM,,2.08,5.5,,4.33,0.18,7.15,459.11,44.74,1.69,0.01,0.9,0.71,3.65,0.08,0.76,0.09,0,4.08,0.02,0.01,0.03,0.15,459.11,0.07,181.99,58.22,73.34,23.07,0.5,4.16,21.31,1.45,0,85.02,571.04,337.18,908.22,25.75,336.61,107.78,228.83,OK,1.16,OK,45.26,
FCW 1214,1214,Chambers Lake Outflow,CHD_102621,CHD,10/26/2021,12:20,,NORM,,2.41,3.5,,4.49,0.2,7.19,468.46,46.51,1.74,0.01,0.92,0.73,3.73,0.07,0.75,0.09,0,4.12,0.02,0,0.03,0.17,468.46,0.06,185.95,60.28,75.47,23.43,0.33,3.47,21.08,1.52,0,85.69,580.22,345.52,925.74,25.35,345.13,108.29,236.83,OK,-0.83,OK,46.12,
